{"url.english":{"key":"url.english","url":"/us/common.js?version=1.2.1-SNAPSHOT","placeholders":[],"comment":null},"url.browse":{"key":"url.browse","url":"/us/common.js?version=1.2.1-SNAPSHOT","placeholders":[],"comment":null},"url.search":{"key":"url.search","url":"/us/common.js?version=1.2.1-SNAPSHOT","placeholders":[],"comment":null},"url.definition":{"key":"url.definition","url":"/us/common.js?version=1.2.1-SNAPSHOT","placeholders":[],"comment":null},"register.title":{"key":"register.title","url":"/us/account/register","placeholders":[],"comment":null},"register.description":{"key":"register.description","url":"/us/account/register","placeholders":[],"comment":null},"register.keywords":{"key":"register.keywords","url":"/us/account/register","placeholders":[],"comment":null},"register.register.subscribe":{"key":"register.register.subscribe","url":"/us/account/register","placeholders":[],"comment":null},"register.redeemcode":{"key":"register.redeemcode","url":"/us/account/register","placeholders":[],"comment":null},"register.enteraccesscode":{"key":"register.enteraccesscode","url":"/us/account/register","placeholders":[],"comment":null},"register.textlinkifnoaccesscode":{"key":"register.textlinkifnoaccesscode","url":"/us/account/register","placeholders":[],"comment":null},"register.register":{"key":"register.register","url":"/us/account/register","placeholders":[],"comment":null},"login.textIntroRegister":{"key":"login.textIntroRegister","url":"/us/account/login","placeholders":[],"comment":null},"login.areyouregistered":{"key":"login.areyouregistered","url":"/us/account/login","placeholders":[],"comment":null},"login.oxfordlearncom":{"key":"login.oxfordlearncom","url":"/us/account/login","placeholders":[],"comment":null},"login.oxfordteachclub":{"key":"login.oxfordteachclub","url":"/us/account/login","placeholders":[],"comment":null},"login.oxfordlearnbook":{"key":"login.oxfordlearnbook","url":"/us/account/login","placeholders":[],"comment":null},"register.text.detail":{"key":"register.text.detail","url":"/us/account/register","placeholders":["http://safran.idm.fr:8080/oldo/us/account/login"],"comment":null},"modal.register.firstname":{"key":"modal.register.firstname","url":"/us/account/register","placeholders":[],"comment":null},"modal.register.lastname":{"key":"modal.register.lastname","url":"/us/account/register","placeholders":[],"comment":null},"modal.register.email":{"key":"modal.register.email","url":"/us/account/register","placeholders":[],"comment":null},"modal.register.confirmemail":{"key":"modal.register.confirmemail","url":"/us/account/register","placeholders":[],"comment":null},"modal.register.email_info":{"key":"modal.register.email_info","url":"/us/account/register","placeholders":[],"comment":null},"modal.register.pwd":{"key":"modal.register.pwd","url":"/us/account/login","placeholders":[],"comment":null},"modal.register.retype_pwd":{"key":"modal.register.retype_pwd","url":"/us/account/register","placeholders":[],"comment":null},"modal.register.pwd_info":{"key":"modal.register.pwd_info","url":"/us/account/register","placeholders":[],"comment":null},"register.register_subscribe":{"key":"register.register_subscribe","url":"/us/account/register","placeholders":[],"comment":null},"register.textlinkterm":{"key":"register.textlinkterm","url":"/us/account/register","placeholders":["http://safran.idm.fr:8080/oldo/us/terms-and-conditions","http://safran.idm.fr:8080/oldo/us/privacy"],"comment":null},"register.acceptterm":{"key":"register.acceptterm","url":"/us/account/register","placeholders":[],"comment":null},"home.cookie.description":{"key":"home.cookie.description","url":"/us/account/forgot_password","placeholders":["href='http://global.oup.com/cookiepolicy/?siteid=oaadonline' target='_blank'"],"comment":null},"header.search.description":{"key":"header.search.description","url":"/us/account/forgot_password","placeholders":[],"comment":null},"header.home":{"key":"header.home","url":"/us/account/forgot_password","placeholders":[],"comment":null},"header.topics":{"key":"header.topics","url":"/us/account/forgot_password","placeholders":[],"comment":null},"header.wordlist":{"key":"header.wordlist","url":"/us/account/forgot_password","placeholders":[],"comment":null},"header.mywordlists":{"key":"header.mywordlists","url":"/us/account/forgot_password","placeholders":[],"comment":null},"header.about":{"key":"header.about","url":"/us/account/forgot_password","placeholders":[],"comment":null},"header.help":{"key":"header.help","url":"/us/account/forgot_password","placeholders":[],"comment":null},"header.login":{"key":"header.login","url":"/us/account/forgot_password","placeholders":[],"comment":null},"dict.english":{"key":"dict.english","url":"/us/account/forgot_password","placeholders":[],"comment":null},"url.american_english":{"key":"url.american_english","url":"/us/common.js?version=1.2.1-SNAPSHOT","placeholders":[],"comment":null},"dict.american_english":{"key":"dict.american_english","url":"/us/account/forgot_password","placeholders":[],"comment":null},"header.selectLang":{"key":"header.selectLang","url":"/us/account/forgot_password","placeholders":[],"comment":null},"header.version.uk":{"key":"header.version.uk","url":"/us/account/forgot_password","placeholders":[],"comment":null},"header.version.us":{"key":"header.version.us","url":"/us/account/forgot_password","placeholders":[],"comment":null},"footer.followOnFacebook":{"key":"footer.followOnFacebook","url":"/us/account/forgot_password","placeholders":[],"comment":null},"footer.followOnTwitter":{"key":"footer.followOnTwitter","url":"/us/account/forgot_password","placeholders":[],"comment":null},"footer.teaching":{"key":"footer.teaching","url":"/us/account/forgot_password","placeholders":[],"comment":null},"footer.contactUs":{"key":"footer.contactUs","url":"/us/account/forgot_password","placeholders":[],"comment":null},"footer.api_widget":{"key":"footer.api_widget","url":"/us/account/forgot_password","placeholders":[],"comment":null},"footer.browse":{"key":"footer.browse","url":"/us/account/forgot_password","placeholders":[],"comment":null},"footer.legal":{"key":"footer.legal","url":"/us/account/forgot_password","placeholders":[],"comment":null},"footer.terms_condition":{"key":"footer.terms_condition","url":"/us/account/forgot_password","placeholders":[],"comment":null},"footer.copyrights":{"key":"footer.copyrights","url":"/us/account/forgot_password","placeholders":["2014"],"comment":null},"autocomplete.resultsList":{"key":"autocomplete.resultsList","url":"/us/common.js?version=1.2.1-SNAPSHOT","placeholders":[],"comment":null},"topic.title":{"key":"topic.title","url":"/us/topic/english/","placeholders":[],"comment":null},"topic.description":{"key":"topic.description","url":"/us/topic/english/","placeholders":[],"comment":null},"topic.keywords":{"key":"topic.keywords","url":"/us/topic/english/","placeholders":[],"comment":null},"topic.english.title":{"key":"topic.english.title","url":"/us/topic/english/","placeholders":[],"comment":null},"topic.english.desc":{"key":"topic.english.desc","url":"/us/topic/english/","placeholders":[],"comment":null},"results.wordlist.title":{"key":"results.wordlist.title","url":"/us/topic/english/","placeholders":[],"comment":null},"wordlist.english.oxford.label":{"key":"wordlist.english.oxford.label","url":"/us/topic/english/","placeholders":[],"comment":null},"wordlist.english.academic.label":{"key":"wordlist.english.academic.label","url":"/us/topic/english/","placeholders":[],"comment":null},"wordlist.english.picture.label":{"key":"wordlist.english.picture.label","url":"/us/topic/english/","placeholders":[],"comment":null},"wordlist.english.usage.label":{"key":"wordlist.english.usage.label","url":"/us/topic/english/","placeholders":[],"comment":null},"topic_home.title":{"key":"topic_home.title","url":"/us/wordlist/","placeholders":[],"comment":null},"topic_home.description":{"key":"topic_home.description","url":"/us/wordlist/","placeholders":[],"comment":null},"topic_home.keywords":{"key":"topic_home.keywords","url":"/us/wordlist/","placeholders":[],"comment":null},"wordlist.home.title":{"key":"wordlist.home.title","url":"/us/wordlist/","placeholders":[],"comment":null},"wordlist.oxford.title":{"key":"wordlist.oxford.title","url":"/us/wordlist/","placeholders":[],"comment":null},"wordlist.oxford.description":{"key":"wordlist.oxford.description","url":"/us/wordlist/","placeholders":[],"comment":null},"wordlist.oxford.english.tooltip":{"key":"wordlist.oxford.english.tooltip","url":"/us/wordlist/","placeholders":[],"comment":null},"wordlist.oxford.american.tooltip":{"key":"wordlist.oxford.american.tooltip","url":"/us/wordlist/","placeholders":[],"comment":null},"wordlist.oxford.english.label":{"key":"wordlist.oxford.english.label","url":"/us/wordlist/","placeholders":[],"comment":null},"wordlist.oxford.american.label":{"key":"wordlist.oxford.american.label","url":"/us/wordlist/","placeholders":[],"comment":null},"wordlist.academic.title":{"key":"wordlist.academic.title","url":"/us/wordlist/","placeholders":[],"comment":null},"wordlist.academic.description":{"key":"wordlist.academic.description","url":"/us/wordlist/","placeholders":[],"comment":null},"wordlist.academic.english.tooltip":{"key":"wordlist.academic.english.tooltip","url":"/us/wordlist/","placeholders":[],"comment":null},"wordlist.academic.american.tooltip":{"key":"wordlist.academic.american.tooltip","url":"/us/wordlist/","placeholders":[],"comment":null},"wordlist.academic.english.label":{"key":"wordlist.academic.english.label","url":"/us/wordlist/","placeholders":[],"comment":null},"wordlist.academic.american.label":{"key":"wordlist.academic.american.label","url":"/us/wordlist/","placeholders":[],"comment":null},"wordlist.picture.title":{"key":"wordlist.picture.title","url":"/us/wordlist/","placeholders":[],"comment":null},"wordlist.picture.description":{"key":"wordlist.picture.description","url":"/us/wordlist/","placeholders":[],"comment":null},"wordlist.picture.english.tooltip":{"key":"wordlist.picture.english.tooltip","url":"/us/wordlist/","placeholders":[],"comment":null},"wordlist.picture.american.tooltip":{"key":"wordlist.picture.american.tooltip","url":"/us/wordlist/","placeholders":[],"comment":null},"wordlist.picture.english.label":{"key":"wordlist.picture.english.label","url":"/us/wordlist/","placeholders":[],"comment":null},"wordlist.picture.american.label":{"key":"wordlist.picture.american.label","url":"/us/wordlist/","placeholders":[],"comment":null},"wordlist.usage.title":{"key":"wordlist.usage.title","url":"/us/wordlist/","placeholders":[],"comment":null},"wordlist.usage.description":{"key":"wordlist.usage.description","url":"/us/wordlist/","placeholders":[],"comment":null},"wordlist.usage.english.tooltip":{"key":"wordlist.usage.english.tooltip","url":"/us/wordlist/","placeholders":[],"comment":null},"wordlist.usage.american.tooltip":{"key":"wordlist.usage.american.tooltip","url":"/us/wordlist/","placeholders":[],"comment":null},"wordlist.usage.english.label":{"key":"wordlist.usage.english.label","url":"/us/wordlist/","placeholders":[],"comment":null},"wordlist.usage.american.label":{"key":"wordlist.usage.american.label","url":"/us/wordlist/","placeholders":[],"comment":null},"partner.description":{"key":"partner.description","url":"/us/wordlist/","placeholders":[],"comment":null},"partner.tooltip":{"key":"partner.tooltip","url":"/us/wordlist/","placeholders":[],"comment":null},"mywordlist.home.title":{"key":"mywordlist.home.title","url":"/us/mywordlist/","placeholders":[],"comment":null},"mywordlist.home.description":{"key":"mywordlist.home.description","url":"/us/mywordlist/","placeholders":[],"comment":null},"mywordlist.home.keywords":{"key":"mywordlist.home.keywords","url":"/us/mywordlist/","placeholders":[],"comment":null},"mywordlist.home.th.title":{"key":"mywordlist.home.th.title","url":"/us/mywordlist/","placeholders":[],"comment":null},"mywordlist.home.th.type":{"key":"mywordlist.home.th.type","url":"/us/mywordlist/","placeholders":[],"comment":null},"mywordlist.home.th.word":{"key":"mywordlist.home.th.word","url":"/us/mywordlist/","placeholders":[],"comment":null},"mywordlist.home.th.score":{"key":"mywordlist.home.th.score","url":"/us/mywordlist/","placeholders":[],"comment":null},"mywordlist.home.th.test":{"key":"mywordlist.home.th.test","url":"/us/mywordlist/","placeholders":[],"comment":null},"mywordlist.home.th.delete":{"key":"mywordlist.home.th.delete","url":"/us/mywordlist/","placeholders":[],"comment":null},"mywordlist.home.test":{"key":"mywordlist.home.test","url":"/us/mywordlist/","placeholders":[],"comment":null},"mywordlist.home.delete":{"key":"mywordlist.home.delete","url":"/us/mywordlist/","placeholders":[],"comment":null},"mywordlist.home.confdel":{"key":"mywordlist.home.confdel","url":"/us/mywordlist/","placeholders":[],"comment":null},"mywordlist.home.info":{"key":"mywordlist.home.info","url":"/us/mywordlist/","placeholders":["50"],"comment":null},"mywordlist.home.create.type":{"key":"mywordlist.home.create.type","url":"/us/mywordlist/","placeholders":[],"comment":null},"mywordlist.home.subscribe-title":{"key":"mywordlist.home.subscribe-title","url":"/us/mywordlist/","placeholders":[],"comment":null},"mywordlist.home.subscribe":{"key":"mywordlist.home.subscribe","url":"/us/mywordlist/","placeholders":[],"comment":null},"mywordlist.btn.more":{"key":"mywordlist.btn.more","url":"/us/mywordlist/","placeholders":[],"comment":null},"mywordlist.btn.subscribe":{"key":"mywordlist.btn.subscribe","url":"/us/mywordlist/","placeholders":[],"comment":null},"login.title":{"key":"login.title","url":"/us/account/login","placeholders":[],"comment":null},"login.description":{"key":"login.description","url":"/us/account/login","placeholders":[],"comment":null},"login.keywords":{"key":"login.keywords","url":"/us/account/login","placeholders":[],"comment":null},"login.signinOxford":{"key":"login.signinOxford","url":"/us/account/login","placeholders":[],"comment":null},"login.text.detail":{"key":"login.text.detail","url":"/us/account/login","placeholders":[],"comment":null},"login.usernameOrEmailAddress":{"key":"login.usernameOrEmailAddress","url":"/us/account/login","placeholders":[],"comment":null},"login.password":{"key":"login.password","url":"/us/account/login","placeholders":[],"comment":null},"login.forgotten":{"key":"login.forgotten","url":"/us/account/login","placeholders":[],"comment":null},"login.log_in":{"key":"login.log_in","url":"/us/account/login","placeholders":[],"comment":null},"login.register":{"key":"login.register","url":"/us/account/login","placeholders":[],"comment":null},"forgot.title":{"key":"forgot.title","url":"/us/account/forgot_password","placeholders":[],"comment":null},"forgot.description":{"key":"forgot.description","url":"/us/account/forgot_password","placeholders":[],"comment":null},"forgot.keywords":{"key":"forgot.keywords","url":"/us/account/forgot_password","placeholders":[],"comment":null},"forgot.headforgot":{"key":"forgot.headforgot","url":"/us/account/forgot_password","placeholders":[],"comment":null},"forgot.username":{"key":"forgot.username","url":"/us/account/forgot_password","placeholders":[],"comment":null},"forgot.describe":{"key":"forgot.describe","url":"/us/account/forgot_password","placeholders":[],"comment":null},"forgot.submit":{"key":"forgot.submit","url":"/us/account/forgot_password","placeholders":[],"comment":null}}