{"url.browse":{"key":"url.browse","url":"/common.js?version=1.2.1-SNAPSHOT","placeholders":[],"comment":null},"url.search":{"key":"url.search","url":"/common.js?version=1.2.1-SNAPSHOT","placeholders":[],"comment":null},"url.definition":{"key":"url.definition","url":"/common.js?version=1.2.1-SNAPSHOT","placeholders":[],"comment":null},"mywordlist.home.title":{"key":"mywordlist.home.title","url":"/mywordlist/","placeholders":[],"comment":null},"mywordlist.home.description":{"key":"mywordlist.home.description","url":"/mywordlist/","placeholders":[],"comment":null},"mywordlist.home.keywords":{"key":"mywordlist.home.keywords","url":"/mywordlist/","placeholders":[],"comment":null},"mywordlist.home.th.title":{"key":"mywordlist.home.th.title","url":"/mywordlist/","placeholders":[],"comment":null},"mywordlist.home.th.type":{"key":"mywordlist.home.th.type","url":"/mywordlist/","placeholders":[],"comment":null},"mywordlist.home.th.word":{"key":"mywordlist.home.th.word","url":"/mywordlist/","placeholders":[],"comment":null},"mywordlist.home.th.score":{"key":"mywordlist.home.th.score","url":"/mywordlist/","placeholders":[],"comment":null},"mywordlist.home.th.test":{"key":"mywordlist.home.th.test","url":"/mywordlist/","placeholders":[],"comment":null},"mywordlist.home.th.delete":{"key":"mywordlist.home.th.delete","url":"/mywordlist/","placeholders":[],"comment":null},"mywordlist.home.test":{"key":"mywordlist.home.test","url":"/mywordlist/","placeholders":[],"comment":null},"mywordlist.home.delete":{"key":"mywordlist.home.delete","url":"/mywordlist/","placeholders":[],"comment":null},"mywordlist.home.confdel":{"key":"mywordlist.home.confdel","url":"/mywordlist/","placeholders":[],"comment":null},"mywordlist.home.info":{"key":"mywordlist.home.info","url":"/mywordlist/","placeholders":["50"],"comment":null},"mywordlist.home.create.type":{"key":"mywordlist.home.create.type","url":"/mywordlist/","placeholders":[],"comment":null},"mywordlist.home.subscribe-title":{"key":"mywordlist.home.subscribe-title","url":"/mywordlist/","placeholders":[],"comment":null},"mywordlist.home.subscribe":{"key":"mywordlist.home.subscribe","url":"/mywordlist/","placeholders":[],"comment":null},"mywordlist.btn.more":{"key":"mywordlist.btn.more","url":"/mywordlist/","placeholders":[],"comment":null},"mywordlist.btn.subscribe":{"key":"mywordlist.btn.subscribe","url":"/mywordlist/","placeholders":[],"comment":null},"home.cookie.description":{"key":"home.cookie.description","url":"/account/register","placeholders":["href='http://global.oup.com/cookiepolicy/?siteid=oaadonline' target='_blank'"],"comment":null},"header.search.description":{"key":"header.search.description","url":"/account/register","placeholders":[],"comment":null},"header.home":{"key":"header.home","url":"/account/register","placeholders":[],"comment":null},"header.topics":{"key":"header.topics","url":"/account/register","placeholders":[],"comment":null},"header.wordlist":{"key":"header.wordlist","url":"/account/register","placeholders":[],"comment":null},"header.mywordlists":{"key":"header.mywordlists","url":"/account/register","placeholders":[],"comment":null},"header.about":{"key":"header.about","url":"/account/register","placeholders":[],"comment":null},"header.help":{"key":"header.help","url":"/account/register","placeholders":[],"comment":null},"header.login":{"key":"header.login","url":"/account/register","placeholders":[],"comment":null},"url.english":{"key":"url.english","url":"/us/account/forgot_password","placeholders":[],"comment":null},"dict.english":{"key":"dict.english","url":"/account/register","placeholders":[],"comment":null},"url.american_english":{"key":"url.american_english","url":"/common.js?version=1.2.1-SNAPSHOT","placeholders":[],"comment":null},"dict.american_english":{"key":"dict.american_english","url":"/account/register","placeholders":[],"comment":null},"header.selectLang":{"key":"header.selectLang","url":"/account/register","placeholders":[],"comment":null},"header.version.uk":{"key":"header.version.uk","url":"/account/register","placeholders":[],"comment":null},"header.version.us":{"key":"header.version.us","url":"/account/register","placeholders":[],"comment":null},"footer.followOnFacebook":{"key":"footer.followOnFacebook","url":"/account/register","placeholders":[],"comment":null},"footer.followOnTwitter":{"key":"footer.followOnTwitter","url":"/account/register","placeholders":[],"comment":null},"footer.teaching":{"key":"footer.teaching","url":"/account/register","placeholders":[],"comment":null},"footer.contactUs":{"key":"footer.contactUs","url":"/account/register","placeholders":[],"comment":null},"footer.api_widget":{"key":"footer.api_widget","url":"/account/register","placeholders":[],"comment":null},"footer.browse":{"key":"footer.browse","url":"/account/register","placeholders":[],"comment":null},"footer.legal":{"key":"footer.legal","url":"/account/register","placeholders":[],"comment":null},"footer.terms_condition":{"key":"footer.terms_condition","url":"/account/register","placeholders":[],"comment":null},"footer.copyrights":{"key":"footer.copyrights","url":"/account/register","placeholders":["2014"],"comment":null},"autocomplete.resultsList":{"key":"autocomplete.resultsList","url":"/common.js?version=1.2.1-SNAPSHOT","placeholders":[],"comment":null},"wotd.default.dictcode":{"key":"wotd.default.dictcode","url":"/","placeholders":[],"comment":null},"wotd.box.title":{"key":"wotd.box.title","url":"/wotd/_wotd?dict=english","placeholders":[],"comment":null},"wotd.box.tooltip":{"key":"wotd.box.tooltip","url":"/wotd/_wotd?dict=english","placeholders":[],"comment":null},"wotd.box.btn":{"key":"wotd.box.btn","url":"/wotd/_wotd?dict=english","placeholders":[],"comment":null},"home.recent.title":{"key":"home.recent.title","url":"/","placeholders":[],"comment":null},"home.title":{"key":"home.title","url":"/","placeholders":[],"comment":null},"home.description":{"key":"home.description","url":"/","placeholders":[],"comment":null},"home.keywords":{"key":"home.keywords","url":"/","placeholders":[],"comment":null},"topic.title":{"key":"topic.title","url":"/topic/english/","placeholders":[],"comment":null},"topic.description":{"key":"topic.description","url":"/topic/english/","placeholders":[],"comment":null},"topic.keywords":{"key":"topic.keywords","url":"/topic/english/","placeholders":[],"comment":null},"topic.english.title":{"key":"topic.english.title","url":"/topic/english/","placeholders":[],"comment":null},"topic.english.desc":{"key":"topic.english.desc","url":"/topic/english/","placeholders":[],"comment":null},"results.wordlist.title":{"key":"results.wordlist.title","url":"/topic/english/","placeholders":[],"comment":null},"wordlist.english.oxford.label":{"key":"wordlist.english.oxford.label","url":"/topic/english/","placeholders":[],"comment":null},"wordlist.english.academic.label":{"key":"wordlist.english.academic.label","url":"/topic/english/","placeholders":[],"comment":null},"wordlist.english.picture.label":{"key":"wordlist.english.picture.label","url":"/topic/english/","placeholders":[],"comment":null},"wordlist.english.usage.label":{"key":"wordlist.english.usage.label","url":"/topic/english/","placeholders":[],"comment":null},"thirdparty.title":{"key":"thirdparty.title","url":"/thirdParty.html","placeholders":[],"comment":null},"thirdparty.description":{"key":"thirdparty.description","url":"/thirdParty.html","placeholders":[],"comment":null},"thirdparty.keywords":{"key":"thirdparty.keywords","url":"/thirdParty.html","placeholders":[],"comment":null},"thirdparty.robots":{"key":"thirdparty.robots","url":"/thirdParty.html","placeholders":[],"comment":null},"dict.english.label":{"key":"dict.english.label","url":"/thirdParty.html","placeholders":[],"comment":null},"dict.american_english.label":{"key":"dict.american_english.label","url":"/thirdParty.html","placeholders":[],"comment":null},"error.title":{"key":"error.title","url":"/fileapi/error?_=1406276419018","placeholders":[],"comment":null},"error.description":{"key":"error.description","url":"/fileapi/error?_=1406276419018","placeholders":[],"comment":null},"error.keywords":{"key":"error.keywords","url":"/fileapi/error?_=1406276419018","placeholders":[],"comment":null},"error.label":{"key":"error.label","url":"/fileapi/error?_=1406276419018","placeholders":[],"comment":null},"login.title":{"key":"login.title","url":"/account/login","placeholders":[],"comment":null},"login.description":{"key":"login.description","url":"/account/login","placeholders":[],"comment":null},"login.keywords":{"key":"login.keywords","url":"/account/login","placeholders":[],"comment":null},"login.signinOxford":{"key":"login.signinOxford","url":"/account/login","placeholders":[],"comment":null},"login.textIntroRegister":{"key":"login.textIntroRegister","url":"/account/register","placeholders":[],"comment":null},"login.areyouregistered":{"key":"login.areyouregistered","url":"/account/register","placeholders":[],"comment":null},"login.oxfordlearncom":{"key":"login.oxfordlearncom","url":"/account/register","placeholders":[],"comment":null},"login.oxfordteachclub":{"key":"login.oxfordteachclub","url":"/account/register","placeholders":[],"comment":null},"login.oxfordlearnbook":{"key":"login.oxfordlearnbook","url":"/account/register","placeholders":[],"comment":null},"login.text.detail":{"key":"login.text.detail","url":"/account/login","placeholders":[],"comment":null},"login.usernameOrEmailAddress":{"key":"login.usernameOrEmailAddress","url":"/account/login","placeholders":[],"comment":null},"modal.register.pwd":{"key":"modal.register.pwd","url":"/account/register","placeholders":[],"comment":null},"login.password":{"key":"login.password","url":"/account/login","placeholders":[],"comment":null},"login.forgotten":{"key":"login.forgotten","url":"/account/login","placeholders":[],"comment":null},"login.log_in":{"key":"login.log_in","url":"/account/login","placeholders":[],"comment":null},"login.register":{"key":"login.register","url":"/account/login","placeholders":[],"comment":null},"header.logout":{"key":"header.logout","url":"/mywordlist/edit","placeholders":[],"comment":null},"premium.header.iwriter":{"key":"premium.header.iwriter","url":"/mywordlist/edit","placeholders":[],"comment":null},"premium.header.ispeaker":{"key":"premium.header.ispeaker","url":"/mywordlist/edit","placeholders":[],"comment":null},"premium.header.activities":{"key":"premium.header.activities","url":"/mywordlist/edit","placeholders":[],"comment":null},"premium.header.mywordlists":{"key":"premium.header.mywordlists","url":"/mywordlist/edit","placeholders":[],"comment":null},"premium.header.resources":{"key":"premium.header.resources","url":"/mywordlist/edit","placeholders":[],"comment":null},"mywordlist.home.create":{"key":"mywordlist.home.create","url":"/mywordlist/","placeholders":[],"comment":null},"mywordlist.home.exist":{"key":"mywordlist.home.exist","url":"/mywordlist/","placeholders":[],"comment":null},"topic_home.title":{"key":"topic_home.title","url":"/wordlist/","placeholders":[],"comment":null},"topic_home.description":{"key":"topic_home.description","url":"/wordlist/","placeholders":[],"comment":null},"topic_home.keywords":{"key":"topic_home.keywords","url":"/wordlist/","placeholders":[],"comment":null},"wordlist.home.title":{"key":"wordlist.home.title","url":"/wordlist/","placeholders":[],"comment":null},"wordlist.oxford.title":{"key":"wordlist.oxford.title","url":"/wordlist/","placeholders":[],"comment":null},"wordlist.oxford.description":{"key":"wordlist.oxford.description","url":"/wordlist/","placeholders":[],"comment":null},"wordlist.oxford.english.tooltip":{"key":"wordlist.oxford.english.tooltip","url":"/wordlist/","placeholders":[],"comment":null},"wordlist.oxford.american.tooltip":{"key":"wordlist.oxford.american.tooltip","url":"/wordlist/","placeholders":[],"comment":null},"wordlist.oxford.english.label":{"key":"wordlist.oxford.english.label","url":"/wordlist/","placeholders":[],"comment":null},"wordlist.oxford.american.label":{"key":"wordlist.oxford.american.label","url":"/wordlist/","placeholders":[],"comment":null},"wordlist.academic.title":{"key":"wordlist.academic.title","url":"/wordlist/","placeholders":[],"comment":null},"wordlist.academic.description":{"key":"wordlist.academic.description","url":"/wordlist/","placeholders":[],"comment":null},"wordlist.academic.english.tooltip":{"key":"wordlist.academic.english.tooltip","url":"/wordlist/","placeholders":[],"comment":null},"wordlist.academic.american.tooltip":{"key":"wordlist.academic.american.tooltip","url":"/wordlist/","placeholders":[],"comment":null},"wordlist.academic.english.label":{"key":"wordlist.academic.english.label","url":"/wordlist/","placeholders":[],"comment":null},"wordlist.academic.american.label":{"key":"wordlist.academic.american.label","url":"/wordlist/","placeholders":[],"comment":null},"wordlist.picture.title":{"key":"wordlist.picture.title","url":"/wordlist/","placeholders":[],"comment":null},"wordlist.picture.description":{"key":"wordlist.picture.description","url":"/wordlist/","placeholders":[],"comment":null},"wordlist.picture.english.tooltip":{"key":"wordlist.picture.english.tooltip","url":"/wordlist/","placeholders":[],"comment":null},"wordlist.picture.american.tooltip":{"key":"wordlist.picture.american.tooltip","url":"/wordlist/","placeholders":[],"comment":null},"wordlist.picture.english.label":{"key":"wordlist.picture.english.label","url":"/wordlist/","placeholders":[],"comment":null},"wordlist.picture.american.label":{"key":"wordlist.picture.american.label","url":"/wordlist/","placeholders":[],"comment":null},"wordlist.usage.title":{"key":"wordlist.usage.title","url":"/wordlist/","placeholders":[],"comment":null},"wordlist.usage.description":{"key":"wordlist.usage.description","url":"/wordlist/","placeholders":[],"comment":null},"wordlist.usage.english.tooltip":{"key":"wordlist.usage.english.tooltip","url":"/wordlist/","placeholders":[],"comment":null},"wordlist.usage.american.tooltip":{"key":"wordlist.usage.american.tooltip","url":"/wordlist/","placeholders":[],"comment":null},"wordlist.usage.english.label":{"key":"wordlist.usage.english.label","url":"/wordlist/","placeholders":[],"comment":null},"wordlist.usage.american.label":{"key":"wordlist.usage.american.label","url":"/wordlist/","placeholders":[],"comment":null},"partner.description":{"key":"partner.description","url":"/wordlist/","placeholders":[],"comment":null},"partner.tooltip":{"key":"partner.tooltip","url":"/wordlist/","placeholders":[],"comment":null},"register.title":{"key":"register.title","url":"/account/register","placeholders":[],"comment":null},"register.description":{"key":"register.description","url":"/account/register","placeholders":[],"comment":null},"register.keywords":{"key":"register.keywords","url":"/account/register","placeholders":[],"comment":null},"register.register.subscribe":{"key":"register.register.subscribe","url":"/account/register","placeholders":[],"comment":null},"register.redeemcode":{"key":"register.redeemcode","url":"/account/register","placeholders":[],"comment":null},"register.enteraccesscode":{"key":"register.enteraccesscode","url":"/account/register","placeholders":[],"comment":null},"register.textlinkifnoaccesscode":{"key":"register.textlinkifnoaccesscode","url":"/account/register","placeholders":[],"comment":null},"register.register":{"key":"register.register","url":"/account/register","placeholders":[],"comment":null},"register.text.detail":{"key":"register.text.detail","url":"/account/register","placeholders":["http://safran.idm.fr:8080/oldo/account/login"],"comment":null},"modal.register.firstname":{"key":"modal.register.firstname","url":"/account/register","placeholders":[],"comment":null},"modal.register.lastname":{"key":"modal.register.lastname","url":"/account/register","placeholders":[],"comment":null},"modal.register.email":{"key":"modal.register.email","url":"/account/register","placeholders":[],"comment":null},"modal.register.confirmemail":{"key":"modal.register.confirmemail","url":"/account/register","placeholders":[],"comment":null},"modal.register.email_info":{"key":"modal.register.email_info","url":"/account/register","placeholders":[],"comment":null},"modal.register.retype_pwd":{"key":"modal.register.retype_pwd","url":"/account/register","placeholders":[],"comment":null},"modal.register.pwd_info":{"key":"modal.register.pwd_info","url":"/account/register","placeholders":[],"comment":null},"register.register_subscribe":{"key":"register.register_subscribe","url":"/account/register","placeholders":[],"comment":null},"register.textlinkterm":{"key":"register.textlinkterm","url":"/account/register","placeholders":["http://safran.idm.fr:8080/oldo/terms-and-conditions","http://safran.idm.fr:8080/oldo/privacy"],"comment":null},"register.acceptterm":{"key":"register.acceptterm","url":"/account/register","placeholders":[],"comment":null},"account.nonMatchingEmail":{"key":"account.nonMatchingEmail","url":"/account/create","placeholders":[],"comment":null},"account.invalidEmail":{"key":"account.invalidEmail","url":"/account/create","placeholders":[],"comment":null},"account.tooShortPassword":{"key":"account.tooShortPassword","url":"/account/create","placeholders":[],"comment":null},"account.mandatoryFamilyName":{"key":"account.mandatoryFamilyName","url":"/account/create","placeholders":[],"comment":null},"account.mandatoryGivenName":{"key":"account.mandatoryGivenName","url":"/account/create","placeholders":[],"comment":null},"dict.english.longLabel":{"key":"dict.english.longLabel","url":"/definition/english/get","placeholders":[],"comment":null},"entry.title":{"key":"entry.title","url":"/definition/english/get","placeholders":["get","Oxford Advanced Learner&apos;s Dictionary","verb"],"comment":null},"entry.description":{"key":"entry.description","url":"/definition/english/get","placeholders":["get","Oxford Advanced Learner&apos;s Dictionary","verb"],"comment":null},"entry.keywords":{"key":"entry.keywords","url":"/definition/english/get","placeholders":["get","Oxford Advanced Learner&apos;s Dictionary","verb"],"comment":null},"dict.american_english.longLabel":{"key":"dict.american_english.longLabel","url":"/definition/english/get","placeholders":[],"comment":null},"results.result.more":{"key":"results.result.more","url":"/definition/english/get","placeholders":[],"comment":null},"results.result.less":{"key":"results.result.less","url":"/definition/english/get","placeholders":[],"comment":null},"entry.practice_pron":{"key":"entry.practice_pron","url":"/definition/english/get","placeholders":[],"comment":null},"entry.add_to_wordlist":{"key":"entry.add_to_wordlist","url":"/definition/english/get","placeholders":[],"comment":null},"entry.other_results":{"key":"entry.other_results","url":"/definition/english/get","placeholders":[],"comment":null},"entry.entry_in_other_dict":{"key":"entry.entry_in_other_dict","url":"/definition/english/get","placeholders":["Oxford Advanced American Dictionary","http://safran.idm.fr:8080/oldo/definition/american_english/get","get"],"comment":null},"entry.reference.english":{"key":"entry.reference.english","url":"/definition/english/get","placeholders":["get","verb"],"comment":null},"entry.results":{"key":"entry.results","url":"/definition/english/get","placeholders":[],"comment":null},"results.other.title":{"key":"results.other.title","url":"/definition/english/get","placeholders":[],"comment":null},"results.nearby.title":{"key":"results.nearby.title","url":"/definition/english/get","placeholders":[],"comment":null},"results.result.title":{"key":"results.result.title","url":"/definition/english/get","placeholders":["panda noun","English"],"comment":null},"mywordlist.add.title":{"key":"mywordlist.add.title","url":"/mywordlist/english/get","placeholders":[],"comment":null},"mywordlist.add.wordlist":{"key":"mywordlist.add.wordlist","url":"/mywordlist/english/get","placeholders":["<span>get</span>"],"comment":null},"mywordlist.add.select":{"key":"mywordlist.add.select","url":"/mywordlist/english/get","placeholders":[],"comment":null},"mywordlist.add.instruction":{"key":"mywordlist.add.instruction","url":"/mywordlist/english/get","placeholders":[],"comment":null},"mywordlist.add.meaning":{"key":"mywordlist.add.meaning","url":"/mywordlist/english/get","placeholders":["get"],"comment":null},"mywordlist.add.add":{"key":"mywordlist.add.add","url":"/mywordlist/english/get","placeholders":[],"comment":null},"mywordlist.add.add_warning":{"key":"mywordlist.add.add_warning","url":"/mywordlist/english/get","placeholders":[],"comment":null},"mywordlist.add.wordlist_missing_warning":{"key":"mywordlist.add.wordlist_missing_warning","url":"/mywordlist/english/get","placeholders":[],"comment":null},"mywordlist.add.def_missing_warning":{"key":"mywordlist.add.def_missing_warning","url":"/mywordlist/english/get","placeholders":[],"comment":null},"mywordlist.add.def_exists_warning":{"key":"mywordlist.add.def_exists_warning","url":"/mywordlist/english/get","placeholders":[],"comment":null},"mywordlist.add.backto":{"key":"mywordlist.add.backto","url":"/mywordlist/english/get","placeholders":["get","verb"],"comment":null},"mywordlist.edit.title":{"key":"mywordlist.edit.title","url":"/mywordlist/edit","placeholders":[],"comment":null},"mywordlist.edit.description":{"key":"mywordlist.edit.description","url":"/mywordlist/edit","placeholders":[],"comment":null},"mywordlist.edit.keywords":{"key":"mywordlist.edit.keywords","url":"/mywordlist/edit","placeholders":[],"comment":null},"mywordlist.edit.delete":{"key":"mywordlist.edit.delete","url":"/mywordlist/edit","placeholders":[],"comment":null},"mywordlist.edit.th.word":{"key":"mywordlist.edit.th.word","url":"/mywordlist/edit","placeholders":[],"comment":null},"mywordlist.edit.th.def":{"key":"mywordlist.edit.th.def","url":"/mywordlist/edit","placeholders":[],"comment":null},"mywordlist.edit.th.del":{"key":"mywordlist.edit.th.del","url":"/mywordlist/edit","placeholders":[],"comment":null},"mywordlist.edit.confdel":{"key":"mywordlist.edit.confdel","url":"/mywordlist/edit","placeholders":[],"comment":null},"mywordlist.edit.emptylist":{"key":"mywordlist.edit.emptylist","url":"/mywordlist/edit","placeholders":[],"comment":null},"mywordlist.edit.wordsnb":{"key":"mywordlist.edit.wordsnb","url":"/mywordlist/edit","placeholders":["(<span class=\"nbWords\"></span>)"],"comment":null},"mywordlist.edit.instruction":{"key":"mywordlist.edit.instruction","url":"/mywordlist/edit","placeholders":["50"],"comment":null},"mywordlist.edit.doyouknow":{"key":"mywordlist.edit.doyouknow","url":"/mywordlist/edit","placeholders":[],"comment":null},"mywordlist.edit.lastscore":{"key":"mywordlist.edit.lastscore","url":"/mywordlist/edit","placeholders":["<span id=\"mywordlists-score\"></span>"],"comment":null},"mywordlist.edit.test":{"key":"mywordlist.edit.test","url":"/mywordlist/edit","placeholders":[],"comment":null},"mywordlist.edit.backto":{"key":"mywordlist.edit.backto","url":"/mywordlist/edit","placeholders":[],"comment":null},"mywordlist.edit.suppressing":{"key":"mywordlist.edit.suppressing","url":"/mywordlist/edit","placeholders":[],"comment":null},"mywordlist.testme.robots":{"key":"mywordlist.testme.robots","url":"/mywordlist/testme","placeholders":[],"comment":null},"mywordlist.testme.title":{"key":"mywordlist.testme.title","url":"/mywordlist/testme","placeholders":[],"comment":null},"mywordlist.testme.description":{"key":"mywordlist.testme.description","url":"/mywordlist/testme","placeholders":[],"comment":null},"mywordlist.testme.keywords":{"key":"mywordlist.testme.keywords","url":"/mywordlist/testme","placeholders":[],"comment":null},"mywordlist.testme.item":{"key":"mywordlist.testme.item","url":"/mywordlist/testme","placeholders":["<span class=\"currentWord\"></span>","<span class=\"maxNbWords\"></span>"],"comment":null},"mywordlist.testme.instruction":{"key":"mywordlist.testme.instruction","url":"/mywordlist/testme","placeholders":[],"comment":null},"mywordlist.testme.type":{"key":"mywordlist.testme.type","url":"/mywordlist/testme","placeholders":[],"comment":null},"mywordlist.testme.test_loading":{"key":"mywordlist.testme.test_loading","url":"/mywordlist/testme","placeholders":[],"comment":null},"mywordlist.testme.test_failed":{"key":"mywordlist.testme.test_failed","url":"/mywordlist/testme","placeholders":[],"comment":null},"mywordlist.testme.emptylist":{"key":"mywordlist.testme.emptylist","url":"/mywordlist/testme","placeholders":[],"comment":null},"mywordlist.testme.test-saving-score":{"key":"mywordlist.testme.test-saving-score","url":"/mywordlist/testme","placeholders":[],"comment":null},"mywordlist.testme.backto":{"key":"mywordlist.testme.backto","url":"/mywordlist/testme","placeholders":[],"comment":null},"mywordlist.testme.testagain":{"key":"mywordlist.testme.testagain","url":"/mywordlist/testme","placeholders":[],"comment":null},"signin.error.concurrency":{"key":"signin.error.concurrency","url":"/account/login","placeholders":[],"comment":null},"pagenotfound.title":{"key":"pagenotfound.title","url":"/account/customPageNotFound","placeholders":[],"comment":null},"pagenotfound.description":{"key":"pagenotfound.description","url":"/account/customPageNotFound","placeholders":[],"comment":null},"pagenotfound.keywords":{"key":"pagenotfound.keywords","url":"/account/customPageNotFound","placeholders":[],"comment":null},"notfound.invalid_page":{"key":"notfound.invalid_page","url":"/account/customPageNotFound","placeholders":[],"comment":null},"notfound.more_info":{"key":"notfound.more_info","url":"/account/customPageNotFound","placeholders":[],"comment":null},"notfound.home_title":{"key":"notfound.home_title","url":"/account/customPageNotFound","placeholders":[],"comment":null},"entry.topiclink.tooltip":{"key":"entry.topiclink.tooltip","url":"/definition/english/get","placeholders":["Becoming ill"],"comment":null}}