<table class="recentsearches">
    <tr><th>Quick Links</th></tr>
    <tr><td><div><a href="/definition/english/">Oxford Advanced Learner&rsquo;s Dictionary</a></div></td></tr>
    <tr><td><div><a href="/definition/american_english/">Oxford Advanced American Dictionary</a></div></td></tr>
    <tr><td><div><a href="/grammar/practical-english-usage/">Practical English Usage</a></div></td></tr>
    <tr><td><div><a href="/translate/schulwoerterbuch/">Das Oxford Schulw&ouml;rterbuch</a></div></td></tr>
    <tr><td><div><a href="/definition/academic/">Oxford Learner&rsquo;s Dictionary of Academic English</a></div></td></tr>
    <tr><td><div><a href="/definition/collocations/">Oxford Collocations Dictionary</a></div></td></tr>
</table> 