<?xml version="1.0" encoding="UTF-8"?>
<root>
  <home>
    <item>
      <line>1</line>
      <title>
        <text>NEW Topic Dictionaries</text>
      </title>
      <url>https://old-website-dynamic-panels.s3.amazonaws.com/home/topics.html</url>
      <image>
        <src>https://dtcfza6z1c8xn.cloudfront.net/OLD_home_newtopicsfeature.png</src>
        <class>placeholder</class>
        <alt>New topics</alt>
      </image>
      <class>box-primary</class>
    </item>
    <!--  <item>
      <line>1</line>
      <title>
        <text>New for 2020</text>
      </title>
      <url>https://old-website-dynamic-panels.s3.amazonaws.com/home/_1_1_short_description.html</url>
      <image>
        <src>https://dtcfza6z1c8xn.cloudfront.net/OLD_home_new_OALD_TOP.png</src>
        <class>placeholder</class>
        <alt>Welcome to our update</alt>
      </image>
      <class>box-primary</class>
    </item> -->
  <!--  <item>
      <line>2</line>
      <title>
        <text>New words for a new year</text>
      </title>
      <url>https://old-website-dynamic-panels.s3.amazonaws.com/home/_2_1_short_description.html</url>
      <image>
        <src>https://dtcfza6z1c8xn.cloudfront.net/OLD_home_newwords.png</src>
        <alt>New words</alt>
      </image>
      <class>box-secondary</class>
    </item> -->
        <item>
      <line>2</line>
      <title>
        <text>Word of the Month: pwn</text>
      </title>
      <url>https://old-website-dynamic-panels.s3.amazonaws.com/home/wotm.html</url>
      <image>
        <src>https://dtcfza6z1c8xn.cloudfront.net/OLD_home_wotmblog_promo.png</src>
        <alt>Word of the month</alt>
      </image>
      <class>box-secondary</class>
    </item>
    <item>
      <line>2</line>
      <title>
        <text>Teachers: join us!</text>
      </title>
      <url>https://old-website-dynamic-panels.s3.amazonaws.com/home/_2020-03_teachers.html</url>
      <image>
        <src>https://dtcfza6z1c8xn.cloudfront.net/OLD_home_OELexchange.png</src>
        <alt>New topics</alt>
      </image>
      <class>box-secondary</class>
    </item>
    <item>
      <line>2</line>
      <title>
        <text>NEW Text Checker</text>
      </title>
      <url>https://old-website-dynamic-panels.s3.amazonaws.com/home/_2_3_short_description.html</url>
      <image>
        <src>https://dtcfza6z1c8xn.cloudfront.net/OLD_home_textchecker.png</src>
        <alt>New Text Checker</alt>
      </image>
      <class>box-secondary</class>
    </item>
    <item>
      <line>2</line>
      <title>
        <text>Find Your Reading Level</text>
      </title>
      <url>https://old-website-dynamic-panels.s3.amazonaws.com/home/_2020-02-05_FYRL.html</url>
      <image>
        <src>https://dtcfza6z1c8xn.cloudfront.net/OLD_home_Find_your_level_promo.png</src>
        <alt>Find Your Reading Level</alt>
      </image>
      <class>box-secondary</class>
    </item>
  </home>
  <grammar>
    <item>
      <line>1</line>
      <title>
        <text>Video: Helping learners with grammar</text>
      </title>
      <url>https://old-website-dynamic-panels.s3.amazonaws.com/grammar/video_helping_learners_with_grammar.xml</url>
      <image>
        <src>https://dtcfza6z1c8xn.cloudfront.net/ms_vid.png</src>
        <class>box-image</class>
        <alt>Michael Swan video thumbnail</alt>
      </image>
    </item>
    <item>
      <line>1</line>
      <title>
        <text>NEW! Practical English Usage app</text>
      </title>
      <url>https://old-website-dynamic-panels.s3.amazonaws.com/grammar/5_ox_materials.xml</url>
      <image>
        <src>https://dtcfza6z1c8xn.cloudfront.net/peu4e_app_icon.png</src>
        <class>box-image</class>
        <alt>Oxford English Grammar Course cover</alt>
      </image>
    </item>
    <item>
      <line>2</line>
      <title>
        <text>Our changing language</text>
      </title>
      <url>https://old-website-dynamic-panels.s3.amazonaws.com/grammar/3_changing_lang.xml?v=1</url>
      <image>
        <src>https://dtcfza6z1c8xn.cloudfront.net/typewriter-man.png</src>
        <class>box-image</class>
        <alt>man at typewriter</alt>
      </image>
    </item>
    <item>
      <line>2</line>
      <title>
        <text>Grammar terms</text>
      </title>
      <url>https://old-website-dynamic-panels.s3.amazonaws.com/grammar/4_grammar_terms.xml</url>
      <image>
        <src>https://dtcfza6z1c8xn.cloudfront.net/grammar-terms.png</src>
        <class>box-image</class>
        <alt>magnifying glass</alt>
      </image>
    </item>
  </grammar>
</root><!-- Mon  2 Mar 2020 15:28:11 GMT -->
