<?xml version="1.0" encoding="UTF-8"?>
<resources><resource access_type="premium" dataset="OALD10"><title>Oxford Advanced Learner&#8217;s Dictionary</title><cards><card type="tool"><heading>Speaking practice</heading><description>Improve your pronunciation and English speaking skills with the <title_reference>Oxford iSpeaker</title_reference>. Watch videos, listen to audio and learn useful language.</description><links><link type="run" href="/ispeaker/">Start speaking practice</link></links></card><card type="tool"><heading>Writing practice</heading><description>Develop your academic, business and everyday writing skills with the <title_reference>Oxford iWriter</title_reference>. Study model texts and useful language, then do your own guided writing.</description><links><link type="run" href="/iwriter/">Start writing practice</link></links></card><card type="tool"><heading>My Word Lists</heading><description>Create lists of the words you want to learn and test yourself on them.</description><links><link href="/mywordlist/" type="run">Go to My Word Lists</link></links></card><card type="video"><heading>Using the dictionary</heading><description>Discover how to make the most of the <title_reference>Oxford Advanced Learner’s Dictionary</title_reference> with our video tour and accompanying worksheets.</description><links><link type="go" href="/resources/usingthedictionary">View videos and worksheets</link></links></card><card type="worksheet"><heading>More Like This</heading><description>Explore groups of related words and phrases, and print out activities.</description><links><link type="go" href="/resources/morelikethis">Explore groups of connected words</link></links></card><card type="worksheet"><heading>Vocabulary</heading><description>Learn and practise topic vocabulary and the Oxford 3000 with our worksheets. </description><links><link type="go" href="/resources/vocabularyexercises">Download vocabulary worksheets</link></links></card><card type="teacher_resource"><heading>Lesson plans</heading><description>For teachers who would like to improve their students&#8217; dictionary skills</description><links><link type="go" href="/resources/lessonplans">Download lesson plans</link></links></card><card type="reference"><heading>Reference</heading><description>A wide selection of reference pages to complement the <title_reference>Oxford Advanced Learner&#8217;s Dictionary</title_reference></description><links><link type="go" href="/resources/referencepages">Explore reference pages</link></links></card></cards></resource><resource access_type="premium" dataset="PEU"><title>Practical English Usage</title><cards><card type="tool"><heading>Diagnostic Tests</heading><description>Find out what you know and what you don’t know about grammar and vocabulary problems with our Diagnostic Tests.</description><links><link type="run" href="/exercises/practical-english-usage/diagnostic-tests">Open Diagnostic Tests</link></links></card><card type="guide"><heading>About Practical English Usage</heading><description>An introduction to <title_reference>Practical English Usage</title_reference></description><links><link type="go" href="/about/practical-english-usage/introduction">Read about PEU</link></links></card><card type="guide"><heading>Quick start guide</heading><description>Need help getting started with <title_reference>Practical English Usage</title_reference>?</description><links><link type="go" href="/about/practical-english-usage/quick_start_guide">Go to the quick start guide</link></links></card><card type="guide"><heading>Language terminology</heading><description>A list of words and expressions that are used in <title_reference>Practical English Usage</title_reference> to talk about grammar and other aspects of language</description><links><link type="go" href="/about/practical-english-usage/language-terminology">Check language terminology</link></links></card><card type="guide"><heading>Phonetic alphabet</heading><description>All the letters of the phonetic alphabet used in <title_reference>Practical English Usage</title_reference>, with examples of words for each</description><links><link type="go" href="/about/practical-english-usage/phonetic-alphabet">Go to phonetic alphabet</link></links></card></cards></resource><resource access_type="premium" dataset="OLDAE"><title>Oxford Learner&#8217;s Dictionary of Academic English</title><cards><card type="tool"><heading>Writing practice</heading><description>With the <title_reference>Oxford Academic iWriter</title_reference>, you can learn how to structure and write a range of assignments, such as essays, case studies and dissertations, and develop your academic writing style.</description><links><link type="run" href="/exercises/academic/academic-iwriter">Start writing practice</link></links></card><card type="reference"><heading>Reference pages</heading><description>Explore lots of useful grammar and other reference material, covering topics from irregular verbs to geographical names.</description><links><link type="go" href="/resources/academic/referencepages">Explore reference pages</link></links></card></cards></resource><resource access_type="premium" dataset="OCOLL"><title>Oxford Collocations Dictionary</title><cards><card type="guide"><heading>Using the Oxford Collocations Dictionary</heading><description>Read an introduction to the dictionary, with helpful tips and information.</description><links><link type="go" href="/about/collocations/introduction">Read about the dictionary</link></links></card><card type="reference"><heading>Topics</heading><description>These pages pull together collocations on a particular topic, such as business, meetings and sport.</description><links><link type="go" href="/resources/collocations/special-pages">Explore topics</link></links></card><card type="worksheet"><heading>Study pages</heading><description>These pages contain exercises on how to use different types of collocations entries (e.g. verb entries) as well as exercises on collocations on particular topics (e.g. education).</description><links><link type="go" href="/resources/collocations/study-pages">Download worksheets</link></links></card></cards></resource><resource access_type="premium" dataset="SWB"><title>Das Oxford Schulw&#246;rterbuch</title><cards><card type="tool"><heading>Schreibkompetenz üben</heading><description>Mit dem <title_reference>Oxford iWriter</title_reference> kannst du deine eigenen Englischtexte planen, schreiben und überprüfen.</description><links><link type="run" href="/exercises/schulwoerterbuch/intermediate-iwriter/">Hier kommst du direkt zum iWriter</link></links></card><card type="reference"><heading>Sprachmittlung (Mediation)</heading><description>Hier findest du die Rubrik Sprachmittlung (Mediation) aus dem <title_reference>Oxford Schulw&#246;rterbuch</title_reference>.</description><links><link type="download" href="/external/pdf/schulwoerterbuch/mediation-pages/mediation.pdf">Sprachmittlung</link></links></card><card type="worksheet"><heading>I can talk about …</heading><description>Hier kannst du deinen Wortschatz themenspezifisch erweitern und gleichzeitig lernen, wie du dein Wörterbuch noch effektiver nutzen kannst.</description><links><link type="go" href="/resources/schulwoerterbuch/i-can-talk-about">Hier kommst du zu der Rubrik I can talk about …</link></links></card><card type="worksheet"><heading>Wörterbuchquiz</heading><description>Hast du schon unser Quiz gemacht? Es hilft dir dabei, noch mehr aus deinem Wörterbuch herauszuholen.</description><links><link type="download" href="/external/pdf/schulwoerterbuch/reference-pages/quiz.pdf">Wörterbuchquiz</link></links></card><card type="reference"><heading>Fotos</heading><description>Die beschrifteten Farbabbildungen helfen dir dabei, deinen Wortschatz aktiv zu erweitern.</description><links><link type="go" href="/resources/schulwoerterbuch/photo-pages">Hier kommst du zu den Fotoseiten</link></links></card><card type="reference"><heading>Die modalen Hilfsverben</heading><description>Hier findest du wichtige Hinweise zur Verwendung von Modalverben.</description><links><link type="download" href="/external/pdf/schulwoerterbuch/modal-verbs/modals.pdf">Die modalen Hilfsverben</link></links></card><card type="reference"><heading>Zusätzliches Informationsmaterial</heading><description>Im <title_reference>Oxford Schulw&#246;rterbuch</title_reference> findest du viele zusätzliche Informationen, zum Beispiel zum Gebrauch von Präpositionen oder wie man sogenannte falsche Freunde vermeidet.</description><links><link type="go" href="/resources/schulwoerterbuch/referencepages">Hier kommst du zu dem zusätzlichen Informationsmaterial</link></links></card></cards></resource><resource access_type="free" dataset="FREE"><title>Free resources</title><cards><card type="tool"><heading>Text Checker</heading><description>Check any text against our Oxford Learner&#8217;s Word Lists and see detailed results. Then make a word list or a gap-fill exercise out of your text!</description><links><link type="run" href="/text-checker/">Check your text</link></links></card><card type="guide"><heading>Pronunciation guides</heading><description>To help you to understand and use the pronunciation symbols used in our dictionaries</description><links><link type="go" href="/about/english/pronunciation_english"><title_reference>Oxford Advanced Learner&#8217;s Dictionary</title_reference> and <title_reference>Oxford Learner&#8217;s Dictionary of Academic English</title_reference></link><link type="go" href="/about/american_english/pronunciation_american_english"><title_reference>Oxford Advanced American Dictionary</title_reference></link></links></card><card type="guide"><heading>Guide to symbols and labels</heading><description>An explanation of the symbols and labels used in our dictionaries</description><links><link type="go" href="/about/english/labels">Symbols and labels</link></links></card><card type="guide"><heading>Usage notes</heading><description>Lists of dictionary entries where you can find usage notes</description><links><link type="go" href="/wordlist/american_english/usage_notes/"><title_reference>Oxford Advanced American Dictionary</title_reference></link><link type="go" href="/wordlist/academic/usage_notes/"><title_reference>Oxford Learner&#8217;s Dictionary of Academic English</title_reference></link><link type="go" href="/wordlist/collocations/usage_notes/"><title_reference>Oxford Collocations Dictionary</title_reference></link></links></card><card type="guide"><heading>Pictures</heading><description>Lists of dictionary entries where you can find pictures</description><links><link type="go" href="/wordlist/american_english/pictures/"><title_reference>Oxford Advanced American Dictionary</title_reference></link><link type="go" href="/wordlist/schulwoerterbuch_English-German/pictures/"><title_reference>Das Oxford Schulw&#246;rterbuch</title_reference></link></links></card><card type="worksheet"><heading>FREE sample worksheet: Collecting vocabulary about a topic</heading><description>A free sample of our <title_reference>Using the dictionary</title_reference> worksheets. Access our full range of worksheets by purchasing OALD Premium.</description><links><link type="download" href="/external/pdf/english/using-the-dictionary/dictskills7.pdf">Collecting vocabulary about a topic</link><link type="download" href="/external/pdf/english/using-the-dictionary/dictskills7 answer key.pdf">Worksheet answers</link></links></card><card type="teacher_resource"><heading>FREE sample lesson plan: Building key vocabulary - money and payment</heading><description>A free lesson plan to help you to use the Oxford 3000 in class with your students. Access our full range of lesson plans by purchasing OALD Premium.</description><links><link type="download" href="/external/pdf/english/lesson-plans/LP6_Ox3000.pdf">Building key vocabulary: money and payment</link></links></card></cards></resource></resources>
