1	1	english	ice-blue	ice-blue	adjective	Colours and shapes	Topic	topic/	C2
2	1	english	snowboarding	snowboarding	noun	Sports: other sports	Topic	topic/	B1
3	1	english	snow_1	snow	noun	Oxford 3000	Word list	wordlists/oxford3000-5000	A1
4	1	english	gaze_1	gaze	verb	Oxford 5000	Word list	wordlists/oxford3000-5000	C1
5	1	english	tidy_2	tidy	verb	Oxford 3000	Word list	wordlists/oxford3000-5000	A2
6	1	english	inspiration	inspiration	noun	Oxford 5000	Word list	wordlists/oxford3000-5000	C1
7	1	english	recently	recently	adverb	OPAL written words	Word list	wordlists/opal	
8	1	english	contrast_1	contrast	noun	OPAL spoken words	Word list	wordlists/opal	
9	1	english	nightingale	nightingale	noun	Birds	Topic	topic/	C2
10	1	english	cactus	cactus	noun	Plants and trees	Topic	topic/	C1
11	1	english	urban	urban	adjective	Oxford 3000	Word list	wordlists/oxford3000-5000	B2
12	1	english	latter_2	latter	noun	Oxford 5000	Word list	wordlists/oxford3000-5000	C1
13	1	english	respectively	respectively	adverb	OPAL written words	Word list	wordlists/opal	
14	1	english	critical	critical	adjective	OPAL spoken words	Word list	wordlists/opal	
15	1	english	galaxy	galaxy	noun	Space	Topic	topic/	B2
16	1	english	twilight	twilight	noun	Space	Topic	topic/	C2
17	1	english	knowledge	knowledge	noun	Oxford 3000	Word list	wordlists/oxford3000-5000	A2
18	1	english	worthwhile	worthwhile	adjective	Oxford 5000	Word list	wordlists/oxford3000-5000	C1
19	1	english	landscape_1	landscape	noun	Oxford 3000	Word list	wordlists/oxford3000-5000	B2
20	1	english	accordingly	accordingly	adverb	Oxford 5000	Word list	wordlists/oxford3000-5000	C1
21	1	english	significantly	significantly	adverb	OPAL written words	Word list	wordlists/opal	
22	1	english	decision	decision	noun	OPAL spoken words	Word list	wordlists/opal	
23	1	english	bungle_1	bungle	verb	Difficulty and failure	Topic	topic/	C2
24	1	english	perseverance	perseverance	noun	Success	Topic	topic/	C1
25	1	english	mainly	mainly	adverb	Oxford 3000	Word list	wordlists/oxford3000-5000	B1
26	1	english	endeavour_1	endeavour	noun	Oxford 5000	Word list	wordlists/oxford3000-5000	C1
27	1	english	bias_1	bias	noun	OPAL written words	Word list	wordlists/opal	
28	1	english	adapt	adapt	verb	OPAL spoken words	Word list	wordlists/opal	
29	1	english	caper_1	caper	noun	Danger	Topic	topic/	C2
30	1	english	lumbering	lumbering	adjective	Appearance	Topic	topic/	C2
31	1	english	vitamin	vitamin	noun	Oxford 3000	Word list	wordlists/oxford3000-5000	B2
1	2	english	instantly	instantly	adverb	Oxford 5000	Word list	wordlists/oxford3000-5000	B2
2	2	english	ethical	ethical	adjective	OPAL written words	Word list	wordlists/opal	
3	2	english	emphasis	emphasis	noun	OPAL spoken words	Word list	wordlists/opal	
4	2	english	iris_1	iris	noun	Body	Topic	topic/	C2
5	2	english	anorak	anorak	noun	Clothes and fashion	Topic	topic/	C2
6	2	english	wildlife	wildlife	noun	Oxford 3000	Word list	wordlists/oxford3000-5000	B2
7	2	english	opt	opt	verb	Oxford 5000	Word list	wordlists/oxford3000-5000	C1
8	2	english	marketing	marketing	noun	Oxford 3000	Word list	wordlists/oxford3000-5000	B1
9	2	english	patience	patience	noun	Oxford 5000	Word list	wordlists/oxford3000-5000	B2
10	2	english	accessible	accessible	adjective	OPAL written words	Word list	wordlists/opal	
11	2	english	sign_1	sign	noun	OPAL spoken words	Word list	wordlists/opal	
12	2	english	mollycoddle	mollycoddle	verb	Life stages	Topic	topic/	C2
13	2	english	tactful	tactful	adjective	Personal qualities	Topic	topic/	C1
14	2	english	meanwhile_1	meanwhile	adverb	Oxford 3000	Word list	wordlists/oxford3000-5000	B1
15	2	english	weave_1	weave	verb	Oxford 5000	Word list	wordlists/oxford3000-5000	C1
16	2	english	link_2	link	verb	OPAL written words	Word list	wordlists/opal	
17	2	english	circumstance	circumstance	noun	OPAL spoken words	Word list	wordlists/opal	
18	2	english	hare-brained	hare-brained	adjective	Difficulty and failure	Topic	topic/	C2
19	2	english	revenue	revenue	noun	Business	Topic	topic/	B2
20	2	english	memory	memory	noun	Oxford 3000	Word list	wordlists/oxford3000-5000	A2
21	2	english	vertical_1	vertical	adjective	Oxford 5000	Word list	wordlists/oxford3000-5000	B2
22	2	english	mountain	mountain	noun	Oxford 3000	Word list	wordlists/oxford3000-5000	A1
23	2	english	exceed	exceed	verb	Oxford 5000	Word list	wordlists/oxford3000-5000	B2
24	2	english	maintain	maintain	verb	OPAL written words	Word list	wordlists/opal	
25	2	english	assume	assume	verb	OPAL spoken words	Word list	wordlists/opal	
26	2	english	peckish	peckish	adjective	Feelings	Topic	topic/	C2
27	2	english	astronaut	astronaut	noun	Jobs	Topic	topic/	B1
28	2	english	newspaper	newspaper	noun	Oxford 3000	Word list	wordlists/oxford3000-5000	A1
29	2	english	overcome	overcome	verb	Oxford 5000	Word list	wordlists/oxford3000-5000	B2
1	3	english	reflect	reflect	verb	OPAL written words	Word list	wordlists/opal	
2	3	english	solution	solution	noun	OPAL spoken words	Word list	wordlists/opal	
3	3	english	bothersome	bothersome	adjective	Difficulty and failure	Topic	topic/	C2
4	3	english	giraffe	giraffe	noun	Animals	Topic	topic/	B2
5	3	english	novel_1	novel	noun	Oxford 3000	Word list	wordlists/oxford3000-5000	A2
6	3	english	accurately	accurately	adverb	Oxford 5000	Word list	wordlists/oxford3000-5000	B2
7	3	english	museum	museum	noun	Oxford 3000	Word list	wordlists/oxford3000-5000	A1
8	3	english	utterly	utterly	adverb	Oxford 5000	Word list	wordlists/oxford3000-5000	C1
9	3	english	justification	justification	noun	OPAL written words	Word list	wordlists/opal	
10	3	english	error	error	noun	OPAL spoken words	Word list	wordlists/opal	
11	3	english	ailment	ailment	noun	Illness	Topic	topic/	C1
12	3	english	magpie	magpie	noun	Birds	Topic	topic/	C2
13	3	english	numerous	numerous	adjective	Oxford 3000	Word list	wordlists/oxford3000-5000	B2
14	3	english	leaflet_1	leaflet	noun	Oxford 5000	Word list	wordlists/oxford3000-5000	B2
15	3	english	infer	infer	verb	OPAL written words	Word list	wordlists/opal	
16	3	english	equivalent_1	equivalent	noun	OPAL spoken words	Word list	wordlists/opal	
17	3	english	legume	legume	noun	Farming	Topic	topic/	C2
18	3	english	crossword	crossword	noun	Games and toys	Topic	topic/	B1
19	3	english	ocean	ocean	noun	Oxford 3000	Word list	wordlists/oxford3000-5000	A2
20	3	english	exceptional	exceptional	adjective	Oxford 5000	Word list	wordlists/oxford3000-5000	C1
21	3	english	often	often	adverb	Oxford 3000	Word list	wordlists/oxford3000-5000	A1
22	3	english	unity	unity	noun	Oxford 5000	Word list	wordlists/oxford3000-5000	B2
23	3	english	inclusion	inclusion	noun	OPAL written words	Word list	wordlists/opal	
24	3	english	focus_1	focus	verb	OPAL spoken words	Word list	wordlists/opal	
25	3	english	crepuscular	crepuscular	adjective	Weather	Topic	topic/	C2
26	3	english	lacrosse	lacrosse	noun	Sports: ball and racquet sports	Topic	topic/	C2
27	3	english	onion	onion	noun	Oxford 3000	Word list	wordlists/oxford3000-5000	A1
28	3	english	elegant	elegant	adjective	Oxford 5000	Word list	wordlists/oxford3000-5000	B2
29	3	english	immediate	immediate	adjective	OPAL written words	Word list	wordlists/opal	
30	3	english	following_3	following	preposition	OPAL spoken words	Word list	wordlists/opal	
31	3	english	avert	avert	verb	Danger	Topic	topic/	C1
1	4	english	coral_1	coral	noun	Fish and shellfish	Topic	topic/	B2
2	4	english	opportunity_1	opportunity	noun	Oxford 3000	Word list	wordlists/oxford3000-5000	A2
3	4	english	formerly	formerly	adverb	Oxford 5000	Word list	wordlists/oxford3000-5000	B2
4	4	english	ourselves	ourselves	pronoun	Oxford 3000	Word list	wordlists/oxford3000-5000	A2
5	4	english	agriculture	agriculture	noun	Oxford 5000	Word list	wordlists/oxford3000-5000	B2
6	4	english	highlight_1	highlight	verb	OPAL written words	Word list	wordlists/opal	
7	4	english	fundamental_1	fundamental	adjective	OPAL spoken words	Word list	wordlists/opal	
8	4	english	eclipse_1	eclipse	noun	Space	Topic	topic/	C1
9	4	english	caterpillar	caterpillar	noun	Insects, worms, etc.	Topic	topic/	C1
10	4	english	orange_1	orange	noun	Oxford 3000	Word list	wordlists/oxford3000-5000	A1
11	4	english	linger	linger	verb	Oxford 5000	Word list	wordlists/oxford3000-5000	C1
12	4	english	statistically	statistically	adverb	OPAL written words	Word list	wordlists/opal	
13	4	english	strategy	strategy	noun	OPAL spoken words	Word list	wordlists/opal	
14	4	english	treadmill	treadmill	noun	Health and fitness	Topic	topic/	C2
15	4	english	thunderstorm	thunderstorm	noun	The environment	Topic	topic/	B2
16	4	english	paint_1	paint	noun	Oxford 3000	Word list	wordlists/oxford3000-5000	A1
17	4	english	trait	trait	noun	Oxford 5000	Word list	wordlists/oxford3000-5000	B2
18	4	english	paragraph	paragraph	noun	Oxford 3000	Word list	wordlists/oxford3000-5000	A1
19	4	english	elaborate_1	elaborate	adjective	Oxford 5000	Word list	wordlists/oxford3000-5000	C1
20	4	english	sufficiently	sufficiently	adverb	OPAL written words	Word list	wordlists/opal	
21	4	english	given_1	given	adjective	OPAL spoken words	Word list	wordlists/opal	
22	4	english	sunflower	sunflower	noun	Farming	Topic	topic/	B2
23	4	english	dizzy	dizzy	adjective	Illness	Topic	topic/	C1
24	4	english	baseball	baseball	noun	Oxford 3000	Word list	wordlists/oxford3000-5000	A2
25	4	english	convey	convey	verb	Oxford 5000	Word list	wordlists/oxford3000-5000	B2
26	4	english	the-above	the above	noun	OPAL written words	Word list	wordlists/opal	
27	4	english	hopefully	hopefully	adverb	OPAL spoken words	Word list	wordlists/opal	
28	4	english	logistics	logistics	noun	Business	Topic	topic/	C2
29	4	english	apron	apron	noun	Clothes and fashion	Topic	topic/	B2
30	4	english	pepper_1	pepper	noun	Oxford 3000	Word list	wordlists/oxford3000-5000	A1
1	5	english	generic_1	generic	adjective	Oxford 5000	Word list	wordlists/oxford3000-5000	C1
2	5	english	perfectly	perfectly	adverb	Oxford 3000	Word list	wordlists/oxford3000-5000	B1
3	5	english	albeit	albeit	conjunction	Oxford 5000	Word list	wordlists/oxford3000-5000	C1
4	5	english	reliable	reliable	adjective	OPAL written words	Word list	wordlists/opal	
5	5	english	pattern_1	pattern	noun	OPAL spoken words	Word list	wordlists/opal	
6	5	english	yonks	yonks	noun	Time	Topic	topic/	C2
7	5	english	antibody	antibody	noun	Biology	Topic	topic/	C2
8	5	english	wool	wool	noun	Oxford 3000	Word list	wordlists/oxford3000-5000	B1
9	5	english	genuinely	genuinely	adverb	Oxford 5000	Word list	wordlists/oxford3000-5000	B2
10	5	english	transform	transform	verb	OPAL written words	Word list	wordlists/opal	
11	5	english	obviously	obviously	adverb	OPAL spoken words	Word list	wordlists/opal	
12	5	english	screenshot	screenshot	noun	Computers	Topic	topic/	C1
13	5	english	alloy_1	alloy	noun	Physics and chemistry	Topic	topic/	C2
14	5	english	perspective	perspective	noun	Oxford 3000	Word list	wordlists/oxford3000-5000	B2
15	5	english	halfway_2	halfway	adverb	Oxford 5000	Word list	wordlists/oxford3000-5000	C1
16	5	english	previously	previously	adverb	Oxford 3000	Word list	wordlists/oxford3000-5000	B1
17	5	english	aspiration	aspiration	noun	Oxford 5000	Word list	wordlists/oxford3000-5000	C1
18	5	english	unclear	unclear	adjective	OPAL written words	Word list	wordlists/opal	
19	5	english	indeed	indeed	adverb	OPAL spoken words	Word list	wordlists/opal	
20	5	english	buttercup	buttercup	noun	Plants and trees	Topic	topic/	C2
21	5	english	fever	fever	noun	Illness	Topic	topic/	B2
22	5	english	ancient	ancient	adjective	Oxford 3000	Word list	wordlists/oxford3000-5000	A2
23	5	english	pity_1	pity	noun	Oxford 5000	Word list	wordlists/oxford3000-5000	B2
24	5	english	utilize	utilize	verb	OPAL written words	Word list	wordlists/opal	
25	5	english	influence_2	influence	verb	OPAL spoken words	Word list	wordlists/opal	
26	5	english	brink	brink	noun	Danger	Topic	topic/	C2
27	5	english	immunize	immunize	verb	Medicine	Topic	topic/	C1
28	5	english	yellow_2	yellow	noun	Oxford 3000	Word list	wordlists/oxford3000-5000	A1
29	5	english	herb_2	herb	noun	Oxford 5000	Word list	wordlists/oxford3000-5000	B2
30	5	english	piano_1	piano	noun	Oxford 3000	Word list	wordlists/oxford3000-5000	A1
31	5	english	glimpse_1	glimpse	noun	Oxford 5000	Word list	wordlists/oxford3000-5000	C1
1	6	english	ensure	ensure	verb	OPAL written words	Word list	wordlists/opal	
2	6	english	invent	invent	verb	OPAL spoken words	Word list	wordlists/opal	
3	6	english	scarecrow	scarecrow	noun	Farming	Topic	topic/	C2
4	6	english	rattlesnake	rattlesnake	noun	Animals	Topic	topic/	C2
5	6	english	admire	admire	verb	Oxford 3000	Word list	wordlists/oxford3000-5000	B1
6	6	english	loom_1	loom	verb	Oxford 5000	Word list	wordlists/oxford3000-5000	C1
7	6	english	valid	valid	adjective	OPAL written words	Word list	wordlists/opal	
8	6	english	summary_1	summary	noun	OPAL spoken words	Word list	wordlists/opal	
9	6	english	knight_1	knight	noun	History	Topic	topic/	B2
10	6	english	moonstruck	moonstruck	adjective	Feelings	Topic	topic/	C2
11	6	english	priority	priority	noun	Oxford 3000	Word list	wordlists/oxford3000-5000	B2
12	6	english	reassure	reassure	verb	Oxford 5000	Word list	wordlists/oxford3000-5000	C1
13	6	english	question_1	question	noun	Oxford 3000	Word list	wordlists/oxford3000-5000	A1
14	6	english	puzzle_1	puzzle	noun	Oxford 5000	Word list	wordlists/oxford3000-5000	B2
15	6	english	efficacy	efficacy	noun	OPAL written words	Word list	wordlists/opal	
16	6	english	early_1	early	adjective	OPAL spoken words	Word list	wordlists/opal	
17	6	english	loam	loam	noun	Farming	Topic	topic/	C2
18	6	english	paramedic	paramedic	noun	Medicine	Topic	topic/	C1
19	6	english	railway	railway	noun	Oxford 3000	Word list	wordlists/oxford3000-5000	A2
20	6	english	hopeful_1	hopeful	adjective	Oxford 5000	Word list	wordlists/oxford3000-5000	C1
21	6	english	distinguish	distinguish	verb	OPAL written words	Word list	wordlists/opal	
22	6	english	perhaps	perhaps	adverb	OPAL spoken words	Word list	wordlists/opal	
23	6	english	hyphen	hyphen	noun	Language	Topic	topic/	B2
24	6	english	hopscotch	hopscotch	noun	Games and toys	Topic	topic/	C2
25	6	english	brilliant	brilliant	adjective	Oxford 3000	Word list	wordlists/oxford3000-5000	A2
26	6	english	imagery	imagery	noun	Oxford 5000	Word list	wordlists/oxford3000-5000	C1
27	6	english	careful	careful	adjective	Oxford 3000	Word list	wordlists/oxford3000-5000	A2
28	6	english	reckon	reckon	verb	Oxford 5000	Word list	wordlists/oxford3000-5000	B2
29	6	english	via	via	preposition	OPAL written words	Word list	wordlists/opal	
30	6	english	practical_1	practical	adjective	OPAL spoken words	Word list	wordlists/opal	
1	7	english	asparagus	asparagus	noun	Food	Topic	topic/	C1
2	7	english	swamp_1	swamp	noun	Geography	Topic	topic/	C1
3	7	english	calm_3	calm	noun	Oxford 3000	Word list	wordlists/oxford3000-5000	B1
4	7	english	clerk_1	clerk	noun	Oxford 5000	Word list	wordlists/oxford3000-5000	B2
5	7	english	deviation	deviation	noun	OPAL written words	Word list	wordlists/opal	
6	7	english	understanding_1	understanding	noun	OPAL spoken words	Word list	wordlists/opal	
7	7	english	ripple-effect	ripple effect	noun	Change, cause and effect	Topic	topic/	C2
8	7	english	misty	misty	adjective	Weather	Topic	topic/	C1
9	7	english	apple	apple	noun	Oxford 3000	Word list	wordlists/oxford3000-5000	A1
10	7	english	remarkably	remarkably	adverb	Oxford 5000	Word list	wordlists/oxford3000-5000	B2
11	7	english	proverb	proverb	noun	Language	Topic	topic/	B2
12	7	english	cantaloupe	cantaloupe	noun	Food	Topic	topic/	C2
13	7	english	derive	derive	verb	OPAL written words	Word list	wordlists/opal	
14	7	english	theory	theory	noun	OPAL spoken words	Word list	wordlists/opal	
15	7	english	drowsy	drowsy	adjective	Feelings	Topic	topic/	C2
16	7	english	nibble_2	nibble	noun	Cooking and eating	Topic	topic/	C2
17	7	english	bear_2	bear	noun	Oxford 3000	Word list	wordlists/oxford3000-5000	A2
18	7	english	rhetoric	rhetoric	noun	Oxford 5000	Word list	wordlists/oxford3000-5000	C1
19	7	english	cumulative	cumulative	adjective	OPAL written words	Word list	wordlists/opal	
20	7	english	dimension	dimension	noun	OPAL spoken words	Word list	wordlists/opal	
21	7	english	hat-trick	hat-trick	noun	Sports: ball and racquet sports	Topic	topic/	C2
22	7	english	sieve_1	sieve	noun	Cooking and eating	Topic	topic/	C2
23	7	english	basis	basis	noun	Oxford 3000	Word list	wordlists/oxford3000-5000	B1
24	7	english	magical	magical	adjective	Oxford 5000	Word list	wordlists/oxford3000-5000	C1
25	7	english	wombat	wombat	noun	Animals	Topic	topic/	C2
26	7	english	wading-pool	wading pool	noun	Sports: water sports	Topic	topic/	C1
27	7	english	correlate_1	correlate	verb	OPAL written words	Word list	wordlists/opal	
28	7	english	quality_1	quality	noun	OPAL spoken words	Word list	wordlists/opal	
29	7	english	heraldry	heraldry	noun	History	Topic	topic/	C2
30	7	english	grapefruit	grapefruit	noun	Food	Topic	topic/	C1
31	7	english	category	category	noun	Oxford 3000	Word list	wordlists/oxford3000-5000	B1
1	8	english	landmark	landmark	noun	Oxford 5000	Word list	wordlists/oxford3000-5000	C1
2	8	english	continuity	continuity	noun	OPAL written words	Word list	wordlists/opal	
3	8	english	key_2	key	adjective	OPAL spoken words	Word list	wordlists/opal	
4	8	english	sandcastle	sandcastle	noun	Holidays	Topic	topic/	C1
5	8	english	dissertation	dissertation	noun	Education	Topic	topic/	C1
6	8	english	classroom	classroom	noun	Oxford 3000	Word list	wordlists/oxford3000-5000	A1
7	8	english	thrive	thrive	verb	Oxford 5000	Word list	wordlists/oxford3000-5000	C1
8	8	english	traffic-warden	traffic warden	noun	Law and justice	Topic	topic/	C2
9	8	english	adopt	adopt	verb	Family and relationships	Topic	topic/	B2
10	8	english	constitute	constitute	verb	OPAL written words	Word list	wordlists/opal	
11	8	english	largely	largely	adverb	OPAL spoken words	Word list	wordlists/opal	
12	8	english	upswing	upswing	noun	Change, cause and effect	Topic	topic/	C2
13	8	english	muggy	muggy	adjective	Weather	Topic	topic/	C2
14	8	english	climate	climate	noun	Oxford 3000	Word list	wordlists/oxford3000-5000	A2
15	8	english	lyric_1	lyric	noun	Oxford 5000	Word list	wordlists/oxford3000-5000	B2
16	8	english	concept	concept	noun	OPAL written words	Word list	wordlists/opal	
17	8	english	limited	limited	adjective	OPAL spoken words	Word list	wordlists/opal	
18	8	english	apathy	apathy	noun	Politics	Topic	topic/	C2
19	8	english	tabby	tabby	noun	Animals	Topic	topic/	C2
20	8	english	century	century	noun	Oxford 3000	Word list	wordlists/oxford3000-5000	A1
21	8	english	array_1	array	noun	Oxford 5000	Word list	wordlists/oxford3000-5000	C1
22	8	english	yo-yo_3	yo-yo	noun	Games and toys	Topic	topic/	C2
23	8	english	knitting	knitting	noun	Hobbies	Topic	topic/	C1
24	8	english	combine_1	combine	verb	OPAL written words	Word list	wordlists/opal	
25	8	english	motivation	motivation	noun	OPAL spoken words	Word list	wordlists/opal	
26	8	english	statuesque	statuesque	adjective	Appearance	Topic	topic/	C2
27	8	english	delighted	delighted	adjective	Feelings	Topic	topic/	B2
28	8	english	communication	communication	noun	Oxford 3000	Word list	wordlists/oxford3000-5000	B1
29	8	english	clarity	clarity	noun	Oxford 5000	Word list	wordlists/oxford3000-5000	C1
30	8	english	causal	causal	adjective	OPAL written words	Word list	wordlists/opal	
31	8	english	beginning	beginning	noun	OPAL spoken words	Word list	wordlists/opal	
1	9	english	toggle_1	toggle	noun	Clothes and fashion	Topic	topic/	C2
2	9	english	nectarine	nectarine	noun	Food	Topic	topic/	C2
3	9	english	bridge_1	bridge	noun	Oxford 3000	Word list	wordlists/oxford3000-5000	A2
4	9	english	mandatory	mandatory	adjective	Oxford 5000	Word list	wordlists/oxford3000-5000	C1
5	9	english	molecule	molecule	noun	Physics and chemistry	Topic	topic/	B2
6	9	english	spiral_2	spiral	adjective	Colours and shapes	Topic	topic/	C1
7	9	english	explore	explore	verb	OPAL written words	Word list	wordlists/opal	
8	9	english	cause_2	cause	verb	OPAL spoken words	Word list	wordlists/opal	
9	9	english	fitness	fitness	noun	Health and fitness	Topic	topic/	B1
10	9	english	sixth-form	sixth form	noun	Education	Topic	topic/	C1
11	9	english	coast_1	coast	noun	Oxford 3000	Word list	wordlists/oxford3000-5000	A2
12	9	english	ballet	ballet	noun	Oxford 5000	Word list	wordlists/oxford3000-5000	B2
13	9	english	benefit_2	benefit	verb	OPAL written words	Word list	wordlists/opal	
14	9	english	primary_1	primary	adjective	OPAL spoken words	Word list	wordlists/opal	
15	9	english	plateau_1	plateau	noun	Geography	Topic	topic/	C1
16	9	english	ritual_1	ritual	noun	Religion and festivals	Topic	topic/	C1
17	9	english	autumn	autumn	noun	Oxford 3000	Word list	wordlists/oxford3000-5000	A1
18	9	english	legacy_1	legacy	noun	Oxford 5000	Word list	wordlists/oxford3000-5000	C1
19	9	english	general-election	general election	noun	Politics	Topic	topic/	C1
20	9	english	ping_2	ping	verb	Phones, email and the internet	Topic	topic/	C2
21	9	english	aware	aware	adjective	OPAL written words	Word list	wordlists/opal	
22	9	english	conclusion	conclusion	noun	OPAL spoken words	Word list	wordlists/opal	
23	9	english	malady	malady	noun	Illness	Topic	topic/	C2
24	9	english	trolley	trolley	noun	Shopping	Topic	topic/	B2
25	9	english	consider	consider	verb	Oxford 3000	Word list	wordlists/oxford3000-5000	A2
26	9	english	likewise	likewise	adverb	Oxford 5000	Word list	wordlists/oxford3000-5000	B2
27	9	english	situation	situation	noun	OPAL written words	Word list	wordlists/opal	
28	9	english	situation	conclude	verb	OPAL spoken words	Word list	wordlists/opal	
29	9	english	formula	formula	noun	Scientific research	Topic	topic/	C1
30	9	english	pestle	pestle	noun	Cooking and eating	Topic	topic/	C2
1	10	english	convenient	convenient	adjective	Oxford 3000	Word list	wordlists/oxford3000-5000	B1
2	10	english	marine_1	marine	adjective	Oxford 5000	Word list	wordlists/oxford3000-5000	C1
3	10	english	chilly	chilly	adjective	Weather	Topic	topic/	C1
4	10	english	watershed	watershed	noun	TV, radio and news	Topic	topic/	C2
5	10	english	rationality	rationality	noun	OPAL written words	Word list	wordlists/opal	
6	10	english	note_2	note	verb	OPAL spoken words	Word list	wordlists/opal	
7	10	english	canteen	canteen	noun	Education	Topic	topic/	B1
8	10	english	genre	genre	noun	Film and theatre	Topic	topic/	B2
9	10	english	cupboard	cupboard	noun	Oxford 3000	Word list	wordlists/oxford3000-5000	A2
10	10	english	balloon_1	balloon	noun	Oxford 5000	Word list	wordlists/oxford3000-5000	B2
11	10	english	partially	partially	adverb	OPAL written words	Word list	wordlists/opal	
12	10	english	relatively	relatively	adverb	OPAL spoken words	Word list	wordlists/opal	
13	10	english	pique_1	pique	noun	Feelings	Topic	topic/	C2
14	10	english	daisy-cutter	daisy-cutter	noun	Sports: ball and racquet sports	Topic	topic/	C2
15	10	english	dance_2	dance	verb	Oxford 3000	Word list	wordlists/oxford3000-5000	A1
16	10	english	occasional	occasional	adjective	Oxford 5000	Word list	wordlists/oxford3000-5000	C1
17	10	english	sprightly	sprightly	adjective	Personal qualities	Topic	topic/	C2
18	10	english	kiln	kiln	noun	Art	Topic	topic/	C2
19	10	english	possible_1	possible	adjective	OPAL written words	Word list	wordlists/opal	
20	10	english	objective_2	objective	adjective	OPAL spoken words	Word list	wordlists/opal	
21	10	english	axle	axle	noun	Transport by road	Topic	topic/	C1
22	10	english	newsagent	newsagent	noun	Shopping	Topic	topic/	B2
23	10	english	define	define	verb	Oxford 3000	Word list	wordlists/oxford3000-5000	B1
24	10	english	modest	modest	adjective	Oxford 5000	Word list	wordlists/oxford3000-5000	B2
25	10	english	outcome	outcome	noun	OPAL written words	Word list	wordlists/opal	
26	10	english	series	series	noun	OPAL spoken words	Word list	wordlists/opal	
27	10	english	petal	petal	noun	Plants and trees	Topic	topic/	C1
28	10	english	theology	theology	noun	Religion and festivals	Topic	topic/	C1
29	10	english	desert_1	desert	noun	Oxford 3000	Word list	wordlists/oxford3000-5000	A2
30	10	english	nonetheless	nonetheless	adverb	Oxford 5000	Word list	wordlists/oxford3000-5000	C1
31	10	english	nature-reserve	nature reserve	noun	The environment	Topic	topic/	C1
1	11	english	patent_1	patent	noun	Business	Topic	topic/	C1
2	11	english	observation	observation	noun	OPAL written words	Word list	wordlists/opal	
3	11	english	origin	origin	noun	OPAL spoken words	Word list	wordlists/opal	
4	11	english	intonation	intonation	noun	Language	Topic	topic/	B1
5	11	english	renaissance	renaissance	noun	History	Topic	topic/	C1
6	11	english	discuss	discuss	verb	Oxford 3000	Word list	wordlists/oxford3000-5000	A1
7	11	english	beneficial	beneficial	adjective	Oxford 5000	Word list	wordlists/oxford3000-5000	B2
8	11	english	meaningful	meaningful	adjective	OPAL written words	Word list	wordlists/opal	
9	11	english	diagram_2	diagram	noun	OPAL spoken words	Word list	wordlists/opal	
10	11	english	weather-balloon	weather balloon	noun	Scientific research	Topic	topic/	C2
11	11	english	testimony	testimony	noun	Law and justice	Topic	topic/	C1
12	11	english	dream_2	dream	verb	Oxford 3000	Word list	wordlists/oxford3000-5000	A2
13	11	english	long-standing	long-standing	adjective	Oxford 5000	Word list	wordlists/oxford3000-5000	C1
14	11	english	public_2	the public	noun	Social groups	Topic	topic/	A2
15	11	english	teddy-bear	teddy bear	noun	Games and toys	Topic	topic/	C1
16	11	english	literature	literature	noun	OPAL written words	Word list	wordlists/opal	
17	11	english	partly	partly	adverb	OPAL spoken words	Word list	wordlists/opal	
18	11	english	pluvial	pluvial	adjective	Weather	Topic	topic/	C2
19	11	english	postcard	postcard	noun	Holidays	Topic	topic/	A2
20	11	english	during	during	preposition	Oxford 3000	Word list	wordlists/oxford3000-5000	A1
21	11	english	cautious	cautious	adjective	Oxford 5000	Word list	wordlists/oxford3000-5000	C1
22	11	english	justify	justify	verb	OPAL written words	Word list	wordlists/opal	
23	11	english	process1_1	process	noun	OPAL spoken words	Word list	wordlists/opal	
24	11	english	heath	heath	noun	Geography	Topic	topic/	C2
25	11	english	monorail	monorail	noun	Transport by bus and train	Topic	topic/	C2
26	11	english	economic	economic	adjective	Oxford 3000	Word list	wordlists/oxford3000-5000	B1
27	11	english	problematic	problematic	adjective	Oxford 5000	Word list	wordlists/oxford3000-5000	C1
28	11	english	overawe	overawe	verb	Feelings	Topic	topic/	C2
29	11	english	fairy-tale_1	fairy tale	noun	Literature and writing	Topic	topic/	B1
30	11	english	integral	integral	adjective	OPAL written words	Word list	wordlists/opal	
1	12	english	quantity	quantity	noun	OPAL spoken words	Word list	wordlists/opal	
2	12	english	impressionism	Impressionism	noun	Art	Topic	topic/	C1
3	12	english	carol-singing	carol singing	noun	Music	Topic	topic/	C1
4	12	english	family_1	family	noun	Oxford 3000	Word list	wordlists/oxford3000-5000	A1
5	12	english	broadly	broadly	adverb	Oxford 5000	Word list	wordlists/oxford3000-5000	B2
6	12	english	furthermore	furthermore	adverb	OPAL written words	Word list	wordlists/opal	
7	12	english	result_2	result	verb	OPAL spoken words	Word list	wordlists/opal	
8	12	english	weathervane	weathervane	noun	Houses and homes	Topic	topic/	C2
9	12	english	intermission	intermission	noun	Film and theatre	Topic	topic/	C2
10	12	english	feather_1	feather	noun	Oxford 3000	Word list	wordlists/oxford3000-5000	B2
11	12	english	seemingly	seemingly	adverb	Oxford 5000	Word list	wordlists/oxford3000-5000	C1
12	12	english	prime-time	prime time	noun	TV, radio and news	Topic	topic/	C1
13	12	english	turtle	turtle	noun	Animals	Topic	topic/	C1
14	12	english	goal	goal	noun	OPAL written words	Word list	wordlists/opal	
15	12	english	suppose	suppose	verb	OPAL spoken words	Word list	wordlists/opal	
16	12	english	canal-boat	canal boat	noun	Transport by water	Topic	topic/	B2
17	12	english	folly	folly	noun	Buildings	Topic	topic/	C2
18	12	english	gentle	gentle	adjective	Oxford 3000	Word list	wordlists/oxford3000-5000	B1
19	12	english	spectacle	spectacle	noun	Oxford 5000	Word list	wordlists/oxford3000-5000	C1
20	12	english	horizontal_1	horizontal	adjective	OPAL written words	Word list	wordlists/opal	
21	12	english	variable_1	variable	noun	OPAL spoken words	Word list	wordlists/opal	
22	12	english	toboggan_1	toboggan	noun	Sports: other sports	Topic	topic/	C2
23	12	english	terrace	terrace	noun	Gardens	Topic	topic/	C1
24	12	english	happiness	happiness	noun	Oxford 3000	Word list	wordlists/oxford3000-5000	B1
25	12	english	subsidy	subsidy	noun	Oxford 5000	Word list	wordlists/oxford3000-5000	C1
26	12	english	seaplane	seaplane	noun	Transport by air	Topic	topic/	B1
27	12	english	velodrome	velodrome	noun	Sports: other sports	Topic	topic/	C1
28	12	english	illustrate	illustrate	verb	OPAL written words	Word list	wordlists/opal	
29	12	english	divide_1	divide	verb	OPAL spoken words	Word list	wordlists/opal	
30	12	english	snowplough_1	snowplough	noun	Transport by road	Topic	topic/	C2
31	12	english	mystery	mystery	noun	Literature and writing	Topic	topic/	B1
