1	1	english	new-year	new year	noun	Religion and festivals	topic	topic/religion-and-festivals	A1
2	1	english	blizzard	blizzard	noun	Weather	topic	topic/weather	B2
3	1	english	bicycle_1	bicycle	noun	Oxford 3000	word list	wordlists/oxford3000-5000	A1
4	1	english	flexibility	flexibility	noun	Oxford 5000	word list	wordlists/oxford3000-5000	C1
5	1	english	quiet_1	quiet	adjective	Oxford 3000	word list	wordlists/oxford3000-5000	A1
6	1	english	encompass	encompass	verb	Oxford 5000	word list	wordlists/oxford3000-5000	C1
7	1	english	outline_1	outline	verb	OPAL written words	word list	wordlists/opal	
8	1	english	basically	basically	adverb	OPAL spoken words	word list	wordlists/opal	
9	1	english	polar-bear	polar bear	noun	Animals	topic	topic/animals	B2
10	1	english	asterisk_2	asterisk	noun	Language	topic	topic/language	C2
11	1	english	seriously	seriously	adverb	Oxford 3000	word list	wordlists/oxford3000-5000	B1
12	1	english	downtown_3	downtown	noun	Oxford 5000	word list	wordlists/oxford3000-5000	B2
13	1	english	measure_1	measure	verb	OPAL written words	word list	wordlists/opal	
14	1	english	element	element	noun	OPAL spoken words	word list	wordlists/opal	
15	1	english	thread_1	thread	noun	Phones, email and the internet	topic	topic/phones-email-and-the-internet	C1
16	1	english	lever_1	lever	noun	Engineering	topic	topic/engineering	C1
17	1	english	fiction	fiction	noun	Oxford 3000	word list	wordlists/oxford3000-5000	A2
18	1	english	courtesy_1	courtesy	noun	Oxford 5000	word list	wordlists/oxford3000-5000	C1
19	1	english	gradually	gradually	adverb	Oxford 3000	word list	wordlists/oxford3000-5000	B2
20	1	english	blanket_1	blanket	noun	Oxford 5000	word list	wordlists/oxford3000-5000	B2
21	1	english	indirect	indirect	adjective	OPAL written words	word list	wordlists/opal	
22	1	english	imply	imply	verb	OPAL spoken words	word list	wordlists/opal	
23	1	english	input_2	input	verb	Computers	topic	topic/computers	B2
24	1	english	frenemy	frenemy	noun	Preferences and decisions	topic	topic/preferences-and-decisions	C2
25	1	english	abandon_1	abandon	verb	Oxford 3000	word list	wordlists/oxford3000-5000	B2
26	1	english	tactic	tactic	noun	Oxford 5000	word list	wordlists/oxford3000-5000	C1
27	1	english	inherent	inherent	adjective	OPAL written words	word list	wordlists/opal	
28	1	english	roughly	roughly	adverb	OPAL spoken words	word list	wordlists/opal	
29	1	english	adonis	Adonis	noun	Appearance	topic	topic/appearance	C2
30	1	english	bandicoot	bandicoot	noun	Animals	topic	topic/animals	C2
31	1	english	accommodation	accommodation	noun	Oxford 3000	word list	wordlists/oxford3000-5000	B1
1	2	english	persist	persist	verb	Oxford 5000	word list	wordlists/oxford3000-5000	C1
2	2	english	threshold	threshold	noun	OPAL written words	word list	wordlists/opal	
3	2	english	stress_2	stress	verb	OPAL spoken words	word list	wordlists/opal	
4	2	english	flourish_1	flourish	verb	Health and fitness	topic	topic/health-and-fitness	C1
5	2	english	candyfloss	candyfloss	noun	Food	topic	topic/food	C2
6	2	english	imaginary	imaginary	adjective	Oxford 3000	word list	wordlists/oxford3000-5000	B1
7	2	english	neutral_1	neutral	adjective	Oxford 5000	word list	wordlists/oxford3000-5000	B2
8	2	english	criticize	criticize	verb	Oxford 3000	word list	wordlists/oxford3000-5000	B2
9	2	english	guidance	guidance	noun	Oxford 5000	word list	wordlists/oxford3000-5000	C1
10	2	english	namely	namely	adverb	OPAL written words	word list	wordlists/opal	
11	2	english	pressure_1	pressure	noun	OPAL spoken words	word list	wordlists/opal	
12	2	english	aureate	aureate	adjective	Colours and shapes	topic	topic/colours-and-shapes	C2
13	2	english	marvel_2	marvel	verb	Feelings	topic	topic/feelings	C1
14	2	english	romantic_1	romantic	adjective	Oxford 3000	word list	wordlists/oxford3000-5000	B1
15	2	english	affordable	affordable	adjective	Oxford 5000	word list	wordlists/oxford3000-5000	B2
16	2	english	generalization	generalization	noun	OPAL written words	word list	wordlists/opal	
17	2	english	specific	specific	adjective	OPAL spoken words	word list	wordlists/opal	
18	2	english	preen	preen	verb	Personal qualities	topic	topic/personal-qualities	C2
19	2	english	burnout	burnout	noun	Illness	topic	topic/illness	C2
20	2	english	exploration	exploration	noun	Oxford 3000	word list	wordlists/oxford3000-5000	B2
21	2	english	pause_1	pause	verb	Oxford 5000	word list	wordlists/oxford3000-5000	B2
22	2	english	dozen	dozen	noun	Oxford 3000	word list	wordlists/oxford3000-5000	B2
23	2	english	confer	confer	verb	Oxford 5000	word list	wordlists/oxford3000-5000	C1
24	2	english	appropriately	appropriately	adverb	OPAL written words	word list	wordlists/opal	
25	2	english	traditional	traditional	adjective	OPAL spoken words	word list	wordlists/opal	
26	2	english	versus	versus	preposition	Sports: other sports	topic	topic/sports-other-sports	C1
27	2	english	screen-print_2	screen-print	verb	Art	topic	topic/art	C2
28	2	english	register_2	register	noun	Oxford 3000	word list	wordlists/oxford3000-5000	B2
29	2	english	productivity	productivity	noun	Oxford 5000	word list	wordlists/oxford3000-5000	C1
1	3	english	contemporary_1	contemporary	adjective	OPAL written words	word list	wordlists/opal	
2	3	english	distinction	distinction	noun	OPAL spoken words	word list	wordlists/opal	
3	3	english	fertile	fertile	adjective	Geography	topic	topic/geography	C1
4	3	english	dogfish	dogfish	noun	Fish and shellfish	topic	topic/fish-and-shellfish	C1
5	3	english	daily_1	daily	adjective	Oxford 3000	word list	wordlists/oxford3000-5000	A2
6	3	english	terms	terms	noun	Oxford 5000	word list	wordlists/oxford3000-5000	B2
7	3	english	aspect	aspect	noun	Oxford 3000	word list	wordlists/oxford3000-5000	B2
8	3	english	concede	concede	verb	Oxford 5000	word list	wordlists/oxford3000-5000	C1
9	3	english	mechanism	mechanism	noun	OPAL written words	word list	wordlists/opal	
10	3	english	underlying	underlying	adjective	OPAL spoken words	word list	wordlists/opal	
11	3	english	start-up_1	start-up	noun	Business	topic	topic/business	C1
12	3	english	non-stop_1	non-stop	adjective	Transport by bus and train	topic	topic/transport-by-bus-and-train	B1
13	3	english	possession	possession	noun	Oxford 3000	word list	wordlists/oxford3000-5000	A2
14	3	english	reproduce	reproduce	verb	Oxford 5000	word list	wordlists/oxford3000-5000	C1
15	3	english	commercial_1	commercial	adjective	OPAL written words	word list	wordlists/opal	
16	3	english	means	means	noun	OPAL spoken words	word list	wordlists/opal	
17	3	english	job-share_2	job-share	verb	Jobs	topic	topic/jobs	C1
18	3	english	miscellanea	miscellanea	noun	Literature and writing	topic	topic/literature-and-writing	C2
19	3	english	incredible	incredible	adjective	Oxford 3000	word list	wordlists/oxford3000-5000	A2
20	3	english	terminate	terminate	verb	Oxford 5000	word list	wordlists/oxford3000-5000	C1
21	3	english	planning	planning	noun	Oxford 3000	word list	wordlists/oxford3000-5000	B1
22	3	english	parental	parental	adjective	Oxford 5000	word list	wordlists/oxford3000-5000	C1
23	3	english	leadership	leadership	noun	OPAL written words	word list	wordlists/opal	
24	3	english	characteristic_2	characteristic	adjective	OPAL spoken words	word list	wordlists/opal	
25	3	english	whodunnit	whodunnit	noun	Film and theatre	topic	topic/film-and-theatre	C2
26	3	english	flat-screen	flat-screen	adjective	TV, radio and news	topic	topic/tv-radio-and-news	B1
27	3	english	suggest	suggest	verb	Oxford 3000	word list	wordlists/oxford3000-5000	A2
28	3	english	wisdom	wisdom	noun	Oxford 5000	word list	wordlists/oxford3000-5000	B2
29	3	english	perceive	perceive	verb	OPAL written words	word list	wordlists/opal	
30	3	english	journal	journal	noun	OPAL spoken words	word list	wordlists/opal	
31	3	english	radiance	radiance	noun	Health and fitness	topic	topic/health-and-fitness	C2
1	4	english	milky	milky	adjective	Drinks	topic	topic/drinks	B1
2	4	english	structure_1	structure	noun	Oxford 3000	word list	wordlists/oxford3000-5000	A2
3	4	english	temporarily	temporarily	adverb	Oxford 5000	word list	wordlists/oxford3000-5000	B2
4	4	english	resolve_1	resolve	verb	Oxford 3000	word list	wordlists/oxford3000-5000	B2
5	4	english	profitable	profitable	adjective	Oxford 5000	word list	wordlists/oxford3000-5000	C1
6	4	english	exemplify	exemplify	verb	OPAL written words	word list	wordlists/opal	
7	4	english	potential_1	potential	adjective	OPAL spoken words	word list	wordlists/opal	
8	4	english	pre-teen_2	pre-teen	noun	Life stages	topic	topic/life-stages	C2
9	4	english	engrossed	engrossed	adjective	Feelings	topic	topic/feelings	C2
10	4	english	matching	matching	adjective	Oxford 3000	word list	wordlists/oxford3000-5000	B2
11	4	english	elite_2	elite	noun	Oxford 5000	word list	wordlists/oxford3000-5000	C1
12	4	english	sample_2	sample	verb	OPAL written words	word list	wordlists/opal	
13	4	english	straightforward	straightforward	adjective	OPAL spoken words	word list	wordlists/opal	
14	4	english	chutzpah	chutzpah	noun	Personal qualities	topic	topic/personal-qualities	C2
15	4	english	subtle	subtle	adjective	Colours and shapes	topic	topic/colours-and-shapes	C1
16	4	english	manner	manner	noun	Oxford 3000	word list	wordlists/oxford3000-5000	A2
17	4	english	postpone	postpone	verb	Oxford 5000	word list	wordlists/oxford3000-5000	C1
18	4	english	witness_1	witness	noun	Oxford 3000	word list	wordlists/oxford3000-5000	B2
19	4	english	efficiency	efficiency	noun	Oxford 5000	word list	wordlists/oxford3000-5000	C1
20	4	english	universal	universal	adjective	OPAL written words	word list	wordlists/opal	
21	4	english	context	context	noun	OPAL spoken words	word list	wordlists/opal	
22	4	english	miaow_2	miaow	verb	Animals	topic	topic/animals	C1
23	4	english	smog	smog	noun	The environment	topic	topic/the-environment	C1
24	4	english	performance	performance	noun	Oxford 3000	word list	wordlists/oxford3000-5000	B1
25	4	english	furious	furious	adjective	Oxford 5000	word list	wordlists/oxford3000-5000	B2
26	4	english	precisely	precisely	adverb	OPAL written words	word list	wordlists/opal	
27	4	english	gender	gender	noun	OPAL spoken words	word list	wordlists/opal	
28	4	english	niggle_1	niggle	noun	Illness	topic	topic/illness	C2
29	4	english	blazer	blazer	noun	Education	topic	topic/education	C2
30	4	english	rather_1	rather	adverb	Oxford 3000	word list	wordlists/oxford3000-5000	A2
1	5	english	youngster	youngster	noun	Oxford 5000	word list	wordlists/oxford3000-5000	C1
2	5	english	definite_1	definite	adjective	Oxford 3000	word list	wordlists/oxford3000-5000	B1
3	5	english	desirable	desirable	adjective	Oxford 5000	word list	wordlists/oxford3000-5000	C1
4	5	english	mobile_1	mobile	adjective	OPAL written words	word list	wordlists/opal	
5	5	english	fairly	fairly	adverb	OPAL spoken words	word list	wordlists/opal	
6	5	english	entrepreneurial	entrepreneurial	adjective	Money	topic	topic/money	C2
7	5	english	chug_1	chug	verb	Feelings	topic	topic/feelings	C2
8	5	english	severe	severe	adjective	Oxford 3000	word list	wordlists/oxford3000-5000	B2
9	5	english	scope_1	scope	noun	Oxford 5000	word list	wordlists/oxford3000-5000	C1
10	5	english	hierarchical	hierarchical	adjective	OPAL written words	word list	wordlists/opal	
11	5	english	welfare	welfare	noun	OPAL spoken words	word list	wordlists/opal	
12	5	english	wellness	wellness	noun	Health and fitness	topic	topic/health-and-fitness	C2
13	5	english	dove1	dove	noun	Birds	topic	topic/birds	C1
14	5	english	lock_1	lock	verb	Oxford 3000	word list	wordlists/oxford3000-5000	A2
15	5	english	seize	seize	verb	Oxford 5000	word list	wordlists/oxford3000-5000	C1
16	5	english	enquiry	enquiry	noun	Oxford 3000	word list	wordlists/oxford3000-5000	B2
17	5	english	innovative	innovative	adjective	Oxford 5000	word list	wordlists/oxford3000-5000	B2
18	5	english	restrict	restrict	verb	OPAL written words	word list	wordlists/opal	
19	5	english	nevertheless	nevertheless	adverb	OPAL spoken words	word list	wordlists/opal	
20	5	english	house-warming	house-warming	noun	Houses and homes	topic	topic/houses-and-homes	C1
21	5	english	cryptography	cryptography	noun	Hobbies	topic	topic/hobbies	C2
22	5	english	extreme_1	extreme	adjective	Oxford 3000	word list	wordlists/oxford3000-5000	A2
23	5	english	spam_1	spam	noun	Oxford 5000	word list	wordlists/oxford3000-5000	C1
24	5	english	scale_2	scale	verb	OPAL written words	word list	wordlists/opal	
25	5	english	trace_2	trace	noun	OPAL spoken words	word list	wordlists/opal	
26	5	english	shortbread	shortbread	noun	Food	topic	topic/food	C2
27	5	english	lovesick	lovesick	adjective	Family and relationships	topic	topic/family-and-relationships	C2
28	5	english	schedule_1	schedule	noun	Oxford 3000	word list	wordlists/oxford3000-5000	A2
29	5	english	firm_2	firm	adjective	Oxford 5000	word list	wordlists/oxford3000-5000	B2
30	5	english	grateful	grateful	adjective	Oxford 3000	word list	wordlists/oxford3000-5000	B1
31	5	english	lobby_2	lobby	verb	Oxford 5000	word list	wordlists/oxford3000-5000	C1
1	6	english	ratio	ratio	noun	OPAL written words	word list	wordlists/opal	
2	6	english	so-called	so-called	adjective	OPAL spoken words	word list	wordlists/opal	
3	6	english	brainstorm_1	brainstorm	verb	Working life	topic	topic/working-life	B2
4	6	english	foodie_1	foodie	noun	Cooking and eating	topic	topic/cooking-and-eating	C2
5	6	english	abroad	abroad	adverb	Oxford 3000	word list	wordlists/oxford3000-5000	A2
6	6	english	proclaim	proclaim	verb	Oxford 5000	word list	wordlists/oxford3000-5000	C1
7	6	english	frequently	frequently	adverb	OPAL written words	word list	wordlists/opal	
8	6	english	technique	technique	noun	OPAL spoken words	word list	wordlists/opal	
9	6	english	sim	sim	noun	Games and toys	topic	topic/games-and-toys	C2
10	6	english	rush-hour	rush hour	noun	Transport by car or lorry	topic	topic/transport-by-car-or-lorry	B2
11	6	english	master_2	master	verb	Oxford 3000	word list	wordlists/oxford3000-5000	B2
12	6	english	judicial	judicial	adjective	Oxford 5000	word list	wordlists/oxford3000-5000	C1
13	6	english	permission	permission	noun	Oxford 3000	word list	wordlists/oxford3000-5000	A2
14	6	english	commodity	commodity	noun	Oxford 5000	word list	wordlists/oxford3000-5000	C1
15	6	english	rationale	rationale	noun	OPAL written words	word list	wordlists/opal	
16	6	english	correspond	correspond	verb	OPAL spoken words	word list	wordlists/opal	
17	6	english	mall-rat	mall rat	noun	Shopping	topic	topic/shopping	C2
18	6	english	tree-house	tree house	noun	Gardens	topic	topic/gardens	B2
19	6	english	express_1	express	verb	Oxford 3000	word list	wordlists/oxford3000-5000	A2
20	6	english	mature_1	mature	adjective	Oxford 5000	word list	wordlists/oxford3000-5000	C1
21	6	english	male_2	male	noun	OPAL written words	word list	wordlists/opal	
22	6	english	factor_1	factor	noun	OPAL spoken words	word list	wordlists/opal	
23	6	english	maternity	maternity	noun	Medicine	topic	topic/medicine	B2
24	6	english	seasick	seasick	adjective	Transport by water	topic	topic/transport-by-water	B1
25	6	english	wait_2	wait	noun	Oxford 3000	word list	wordlists/oxford3000-5000	A2
26	6	english	scenario	scenario	noun	Oxford 5000	word list	wordlists/oxford3000-5000	B2
27	6	english	trade_2	trade	verb	Oxford 3000	word list	wordlists/oxford3000-5000	B1
28	6	english	accelerate	accelerate	verb	Oxford 5000	word list	wordlists/oxford3000-5000	C1
29	6	english	stable_1	stable	adjective	OPAL written words	word list	wordlists/opal	
30	6	english	notion	notion	noun	OPAL spoken words	word list	wordlists/opal	
1	7	english	croquet	croquet	noun	Games and toys	topic	topic/games-and-toys	C2
2	7	english	bluegrass	bluegrass	noun	Music	topic	topic/music	C2
3	7	english	block_2	block	verb	Oxford 3000	word list	wordlists/oxford3000-5000	B1
4	7	english	recruitment	recruitment	noun	Oxford 5000	word list	wordlists/oxford3000-5000	B2
5	7	english	societal	societal	adjective	OPAL written words	word list	wordlists/opal	
6	7	english	function_2	function	verb	OPAL spoken words	word list	wordlists/opal	
7	7	english	mulch_1	mulch	noun	Gardens	topic	topic/gardens	C2
8	7	english	flying-squirrel	flying squirrel	noun	Animals	topic	topic/animals	C2
9	7	english	mention_1	mention	verb	Oxford 3000	word list	wordlists/oxford3000-5000	A2
10	7	english	suburban	suburban	adjective	Oxford 5000	word list	wordlists/oxford3000-5000	C1
11	7	english	adobe	adobe	noun	Buildings	topic	topic/buildings	C2
12	7	english	fallow	fallow	adjective	Farming	topic	topic/farming	C2
13	7	english	practitioner	practitioner	noun	OPAL written words	word list	wordlists/opal	
14	7	english	hence	hence	adverb	OPAL spoken words	word list	wordlists/opal	
15	7	english	breakwater	breakwater	noun	Geography	topic	topic/geography	C2
16	7	english	coniferous	coniferous	adjective	Plants and trees	topic	topic/plants-and-trees	C2
17	7	english	willing	willing	adjective	Oxford 3000	word list	wordlists/oxford3000-5000	B2
18	7	english	prevail	prevail	verb	Oxford 5000	word list	wordlists/oxford3000-5000	C1
19	7	english	adequate	adequate	adjective	OPAL written words	word list	wordlists/opal	
20	7	english	natural_1	natural	adjective	OPAL spoken words	word list	wordlists/opal	
21	7	english	dragonfly	dragonfly	noun	Insects, worms, etc.	topic	topic/insects-worms-etc	C2
22	7	english	lightning_1	lightning	noun	Weather	topic	topic/weather	B1
23	7	english	essential_1	essential	adjective	Oxford 3000	word list	wordlists/oxford3000-5000	B1
24	7	english	coup	coup	noun	Oxford 5000	word list	wordlists/oxford3000-5000	C1
25	7	english	fluency	fluency	noun	Language	topic	topic/language	B2
26	7	english	archive_1	archive	noun	History	topic	topic/history	C1
27	7	english	implicitly	implicitly	adverb	OPAL written words	word list	wordlists/opal	
28	7	english	occur	occur	verb	OPAL spoken words	word list	wordlists/opal	
29	7	english	cosmic	cosmic	adjective	Space	topic	topic/space	C1
30	7	english	fortnight	fortnight	noun	Time	topic	topic/time	B2
31	7	english	host_1	host	noun	Oxford 3000	word list	wordlists/oxford3000-5000	B1
1	8	english	abstract_1	abstract	adjective	Oxford 5000	word list	wordlists/oxford3000-5000	B2
2	8	english	insufficient	insufficient	adjective	OPAL written words	word list	wordlists/opal	
3	8	english	phenomenon	phenomenon	noun	OPAL spoken words	word list	wordlists/opal	
4	8	english	fossil	fossil	noun	Biology	topic	topic/biology	B2
5	8	english	gadget	gadget	noun	History	topic	topic/history	B1
6	8	english	particularly	particularly	adverb	Oxford 3000	word list	wordlists/oxford3000-5000	B1
7	8	english	funding	funding	noun	Oxford 5000	word list	wordlists/oxford3000-5000	B2
8	8	english	autumnal	autumnal	adjective	Weather	topic	topic/weather	C2
9	8	english	treble_2	treble	verb	Maths and measurement	topic	topic/maths-and-measurement	C2
10	8	english	intrinsic	intrinsic	adjective	OPAL written words	word list	wordlists/opal	
11	8	english	reduce	reduce	verb	OPAL spoken words	word list	wordlists/opal	
12	8	english	vacuum_1	vacuum	noun	Physics and chemistry	topic	topic/physics-and-chemistry	C1
13	8	english	corroborate	corroborate	verb	Scientific research	topic	topic/scientific-research	C2
14	8	english	reputation	reputation	noun	Oxford 3000	word list	wordlists/oxford3000-5000	B2
15	8	english	forthcoming	forthcoming	adjective	Oxford 5000	word list	wordlists/oxford3000-5000	C1
16	8	english	lack_1	lack	noun	OPAL written words	word list	wordlists/opal	
17	8	english	shift_2	shift	verb	OPAL spoken words	word list	wordlists/opal	
18	8	english	provision_1	provision	noun	Law and justice	topic	topic/law-and-justice	C1
19	8	english	placard	placard	noun	Social issues	topic	topic/social-issues	C2
20	8	english	massive	massive	adjective	Oxford 3000	word list	wordlists/oxford3000-5000	B2
21	8	english	whereby	whereby	adverb	Oxford 5000	word list	wordlists/oxford3000-5000	C1
22	8	english	upsurge	upsurge	noun	Change, cause and effect	topic	topic/change-cause-and-effect	C2
23	8	english	adventure	adventure	noun	Danger	topic	topic/danger	A2
24	8	english	phase_1	phase	noun	OPAL written words	word list	wordlists/opal	
25	8	english	task_1	task	noun	OPAL spoken words	word list	wordlists/opal	
26	8	english	ambitious	ambitious	adjective	Difficulty and failure	topic	topic/difficulty-and-failure	B2
27	8	english	accolade	accolade	noun	Success	topic	topic/success	C2
28	8	english	hey	hey	exclamation	Oxford 3000	word list	wordlists/oxford3000-5000	A1
29	8	english	speculate	speculate	verb	Oxford 5000	word list	wordlists/oxford3000-5000	B2
30	8	english	norm_1	norm	noun	OPAL written words	word list	wordlists/opal	
31	8	english	trend_1	trend	noun	OPAL spoken words	word list	wordlists/opal	
1	9	english	pact	pact	noun	Discussion and agreement	topic	topic/discussion-and-agreement	C2
2	9	english	somehow	somehow	adverb	Doubt, guessing and certainty	topic	topic/doubt-guessing-and-certainty	B2
3	9	english	dear_1	dear	adjective	Oxford 3000	word list	wordlists/oxford3000-5000	A1
4	9	english	oblige	oblige	verb	Oxford 5000	word list	wordlists/oxford3000-5000	C1
5	9	english	row2_1	row	noun	Opinion and argument	topic	topic/opinion-and-argument	C2
6	9	english	hazel_2	hazel	adjective	Colours and shapes	topic	topic/colours-and-shapes	C1
7	9	english	consensus	consensus	noun	OPAL written words	word list	wordlists/opal	
8	9	english	vary	vary	verb	OPAL spoken words	word list	wordlists/opal	
9	9	english	stretch_1	stretch	verb	Health and fitness	topic	topic/health-and-fitness	B2
10	9	english	ladle_1	ladle	noun	Cooking and eating	topic	topic/cooking-and-eating	C2
11	9	english	slightly	slightly	adverb	Oxford 3000	word list	wordlists/oxford3000-5000	B1
12	9	english	designate_1	designate	verb	Oxford 5000	word list	wordlists/oxford3000-5000	C1
13	9	english	sensory	sensory	adjective	OPAL written words	word list	wordlists/opal	
14	9	english	within_1	within	preposition	OPAL spoken words	word list	wordlists/opal	
15	9	english	watermelon	watermelon	noun	Food	topic	topic/food	B2
16	9	english	niece	niece	noun	Family and relationships	topic	topic/family-and-relationships	A2
17	9	english	otherwise	otherwise	adverb	Oxford 3000	word list	wordlists/oxford3000-5000	B2
18	9	english	rejection	rejection	noun	Oxford 5000	word list	wordlists/oxford3000-5000	C1
19	9	english	exhausted	exhausted	adjective	Feelings	topic	topic/feelings	B1
20	9	english	infancy	infancy	noun	Life stages	topic	topic/life-stages	C1
21	9	english	ultimate_1	ultimate	adjective	OPAL written words	word list	wordlists/opal	
22	9	english	symbol	symbol	noun	OPAL spoken words	word list	wordlists/opal	
23	9	english	ace_3	ace	verb	Success	topic	topic/success	C2
24	9	english	plucky	plucky	adjective	Personal qualities	topic	topic/personal-qualities	C2
25	9	english	licence	licence	noun	Oxford 3000	word list	wordlists/oxford3000-5000	B2
26	9	english	stunning	stunning	adjective	Oxford 5000	word list	wordlists/oxford3000-5000	B2
27	9	english	predominantly	predominantly	adverb	OPAL written words	word list	wordlists/opal	
28	9	english	although	although	conjunction	OPAL spoken words	word list	wordlists/opal	
29	9	english	industry	industry	noun	Business	topic	topic/business	A2
30	9	english	dentist	dentist	noun	Jobs	topic	topic/jobs	A2
1	10	english	organized	organized	adjective	Oxford 3000	word list	wordlists/oxford3000-5000	B1
2	10	english	negotiation	negotiation	noun	Oxford 5000	word list	wordlists/oxford3000-5000	B2
3	10	english	challenge_2	challenge	verb	Suggestions and advice	topic	topic/suggestions-and-advice	B2
4	10	english	currency	currency	noun	Money	topic	topic/money	B1
5	10	english	rapidly	rapidly	adverb	OPAL written words	word list	wordlists/opal	
6	10	english	analyse	analyse	verb	OPAL spoken words	word list	wordlists/opal	
7	10	english	brainstorming	brainstorming	noun	Working life	topic	topic/working-life	B2
8	10	english	hillwalking	hillwalking	noun	Hobbies	topic	topic/hobbies	B2
9	10	english	agreement	agreement	noun	Oxford 3000	word list	wordlists/oxford3000-5000	B1
10	10	english	random_1	random	adjective	Oxford 5000	word list	wordlists/oxford3000-5000	B2
11	10	english	mobilize	mobilize	verb	OPAL written words	word list	wordlists/opal	
12	10	english	component_1	component	noun	OPAL spoken words	word list	wordlists/opal	
13	10	english	exhibit_2	exhibit	noun	Art	topic	topic/art	B2
14	10	english	soliloquy	soliloquy	noun	Film and theatre	topic	topic/film-and-theatre	C2
15	10	english	enhance	enhance	verb	Oxford 3000	word list	wordlists/oxford3000-5000	B2
16	10	english	reasonably	reasonably	adverb	Oxford 5000	word list	wordlists/oxford3000-5000	B2
17	10	english	ghostwrite	ghostwrite	verb	Literature and writing	topic	topic/literature-and-writing	C2
18	10	english	header	header	noun	Sports: ball and racket sports	topic	topic/sports-ball-and-racket-sports	C1
19	10	english	simplify	simplify	verb	OPAL written words	word list	wordlists/opal	
20	10	english	consequence	consequence	noun	OPAL spoken words	word list	wordlists/opal	
21	10	english	itinerary	itinerary	noun	Holidays	topic	topic/holidays	C1
22	10	english	bollard	bollard	noun	Transport by car or lorry	topic	topic/transport-by-car-or-lorry	C2
23	10	english	indicate	indicate	verb	Oxford 3000	word list	wordlists/oxford3000-5000	B1
24	10	english	vulnerability	vulnerability	noun	Oxford 5000	word list	wordlists/oxford3000-5000	C1
25	10	english	absence	absence	noun	OPAL written words	word list	wordlists/opal	
26	10	english	crucial	crucial	adjective	OPAL spoken words	word list	wordlists/opal	
27	10	english	basement	basement	noun	Buildings	topic	topic/buildings	B2
28	10	english	roadrunner	roadrunner	noun	Birds	topic	topic/birds	C2
29	10	english	publication	publication	noun	Oxford 3000	word list	wordlists/oxford3000-5000	B2
30	10	english	applicable	applicable	adjective	Oxford 5000	word list	wordlists/oxford3000-5000	C1
31	10	english	deforestation	deforestation	noun	The environment	topic	topic/the-environment	B2
1	11	english	heritage	heritage	noun	History	topic	topic/history	C1
2	11	english	denote	denote	verb	OPAL written words	word list	wordlists/opal	
3	11	english	framework	framework	noun	OPAL spoken words	word list	wordlists/opal	
4	11	english	moonlight_1	moonlight	noun	Space	topic	topic/space	B1
5	11	english	elapse	elapse	verb	Time	topic	topic/time	C2
6	11	english	included	included	adjective	Oxford 3000	word list	wordlists/oxford3000-5000	A2
7	11	english	uncertainty	uncertainty	noun	Oxford 5000	word list	wordlists/oxford3000-5000	B2
8	11	english	diversity	diversity	noun	OPAL written words	word list	wordlists/opal	
9	11	english	observe	observe	verb	OPAL spoken words	word list	wordlists/opal	
10	11	english	botany	botany	noun	Biology	topic	topic/biology	C2
11	11	english	incremental	incremental	adjective	Change, cause and effect	topic	topic/change-cause-and-effect	C2
12	11	english	throughout	throughout	preposition	Oxford 3000	word list	wordlists/oxford3000-5000	B1
13	11	english	household	household	noun	Oxford 5000	word list	wordlists/oxford3000-5000	B2
14	11	english	languid	languid	adjective	Appearance	topic	topic/appearance	C2
15	11	english	elbow_1	elbow	noun	Body	topic	topic/body	B2
16	11	english	inherent	inherent	adjective	OPAL written words	word list	wordlists/opal	
17	11	english	professional_1	professional	adjective	OPAL spoken words	word list	wordlists/opal	
18	11	english	collar_1	collar	noun	Clothes and fashion	topic	topic/clothes-and-fashion	B2
19	11	english	indigo_2	indigo	noun	Colours and shapes	topic	topic/colours-and-shapes	C2
20	11	english	feature_1	feature	noun	Oxford 3000	word list	wordlists/oxford3000-5000	A2
21	11	english	differ	differ	verb	Oxford 5000	word list	wordlists/oxford3000-5000	B2
22	11	english	simultaneous	simultaneous	adjective	OPAL written words	word list	wordlists/opal	
23	11	english	sequence_1	sequence	noun	OPAL spoken words	word list	wordlists/opal	
24	11	english	jogging	jogging	noun	Health and fitness	topic	topic/health-and-fitness	A2
25	11	english	cough_1	cough	verb	Illness	topic	topic/illness	B1
26	11	english	fellow_1	fellow	adjective	Oxford 3000	word list	wordlists/oxford3000-5000	B2
27	11	english	abundance	abundance	noun	Oxford 5000	word list	wordlists/oxford3000-5000	C1
28	11	english	bandage_1	bandage	noun	Medicine	topic	topic/medicine	B2
29	11	english	napkin	napkin	noun	Cooking and eating	topic	topic/cooking-and-eating	C1
30	11	english	regard_1	regard	verb	OPAL written words	word list	wordlists/opal	
1	12	english	tendency	tendency	noun	OPAL spoken words	word list	wordlists/opal	
2	12	english	thirst_1	thirst	noun	Drinks	topic	topic/drinks	B2
3	12	english	cucumber	cucumber	noun	Food	topic	topic/food	B2
4	12	english	rid	rid	verb	Oxford 3000	word list	wordlists/oxford3000-5000	B2
5	12	english	scandal	scandal	noun	Oxford 5000	word list	wordlists/oxford3000-5000	B2
6	12	english	empower	empower	verb	OPAL written words	word list	wordlists/opal	
7	12	english	theme_1	theme	noun	OPAL spoken words	word list	wordlists/opal	
8	12	english	scholarship	scholarship	noun	Education	topic	topic/education	B2
9	12	english	sibling	sibling	noun	Family and relationships	topic	topic/family-and-relationships	B2
10	12	english	solve	solve	verb	Oxford 3000	word list	wordlists/oxford3000-5000	A2
11	12	english	legendary	legendary	adjective	Oxford 5000	word list	wordlists/oxford3000-5000	C1
12	12	english	awkward	awkward	adjective	Feelings	topic	topic/feelings	B2
13	12	english	midwife	midwife	noun	Life stages	topic	topic/life-stages	C2
14	12	english	finding	finding	noun	OPAL written words	word list	wordlists/opal	
15	12	english	typical	typical	adjective	OPAL spoken words	word list	wordlists/opal	
16	12	english	graceful	graceful	adjective	Personal qualities	topic	topic/personal-qualities	C2
17	12	english	audit_1	audit	noun	Business	topic	topic/business	C1
18	12	english	method	method	noun	Oxford 3000	word list	wordlists/oxford3000-5000	A2
19	12	english	literary	literary	adjective	Oxford 5000	word list	wordlists/oxford3000-5000	B2
20	12	english	eliminate	eliminate	verb	OPAL written words	word list	wordlists/opal	
21	12	english	useful	useful	adjective	OPAL spoken words	word list	wordlists/opal	
22	12	english	workforce	workforce	noun	Working life	topic	topic/working-life	B2
23	12	english	seed-money	seed money	noun	Business	topic	topic/business	C2
24	12	english	reveal_1	reveal	verb	Oxford 3000	word list	wordlists/oxford3000-5000	B2
25	12	english	unprecedented	unprecedented	adjective	Oxford 5000	word list	wordlists/oxford3000-5000	C1
26	12	english	ludo	ludo	noun	Games and toys	topic	topic/games-and-toys	C2
27	12	english	fishing	fishing	noun	Hobbies	topic	topic/hobbies	A2
28	12	english	parallel_3	parallel	noun	OPAL written words	word list	wordlists/opal	
29	12	english	actually	actually	adverb	OPAL spoken words	word list	wordlists/opal	
30	12	english	leopard	leopard	noun	Animals	topic	topic/animals	B2
31	12	english	cringe	cringe	verb	Feelings	topic	topic/feelings	C2
